[
    {
        "instances": [
            {
                "id": "2aa114ba-72ff-4dc3-9a06-9d0e6e13eb4c",
                "type": "3D_BOX",
                "contour": {
                    "center3D": {
                        "x": 20.3716,
                        "y": -0.0267,
                        "z": 0.3761
                    },
                    "pointN": 234,
                    "rotation3D": {
                        "x": 0,
                        "y": 0,
                        "z": -0.002
                    },
                    "size3D": {
                        "x": 4.2503,
                        "y": 2.0155,
                        "z": 1.4994
                    }
                },
                "className": "Car"
            }
        ]
    }
]