[
    {
        "instances": [
            {
                "id": "866c705e-0c37-4995-8ade-5acf815c73f6",
                "type": "3D_BOX",
                "contour": {
                    "center3D": {
                        "x": 20.4124,
                        "y": -0.0315,
                        "z": 0.364
                    },
                    "pointN": 231,
                    "rotation3D": {
                        "x": 0,
                        "y": 0,
                        "z": -0.002
                    },
                    "size3D": {
                        "x": 4.2503,
                        "y": 2.0155,
                        "z": 1.4994
                    }
                },
                "className": "Car"
            }
        ]
    }
]