[
    {
        "instances": [
            {
                "id": "cf01fc01-4a28-49b6-a40d-38e4d9de1aed",
                "type": "3D_BOX",
                "contour": {
                    "center3D": {
                        "x": 21.0587,
                        "y": -0.1988,
                        "z": 0.4393
                    },
                    "pointN": 179,
                    "rotation3D": {
                        "x": 0,
                        "y": 0,
                        "z": -0.002
                    },
                    "size3D": {
                        "x": 4.2503,
                        "y": 2.0155,
                        "z": 1.4994
                    }
                },
                "className": "Car"
            }
        ]
    }
]