[
    {
        "instances": [
            {
                "id": "3e55e921-2a00-42f0-b81d-1e8b4aa4d958",
                "type": "3D_BOX",
                "contour": {
                    "center3D": {
                        "x": 20.2381,
                        "y": 0.0312,
                        "z": 0.5218
                    },
                    "pointN": 252,
                    "rotation3D": {
                        "x": 0,
                        "y": 0,
                        "z": -0.002
                    },
                    "size3D": {
                        "x": 4.2503,
                        "y": 2.0155,
                        "z": 1.4994
                    }
                },
                "className": "Car"
            }
        ]
    }
]