[
    {
        "instances": [
            {
                "id": "894007ea-b6f5-4b97-af05-6922e91c7443",
                "type": "3D_BOX",
                "contour": {
                    "center3D": {
                        "x": 23.2578,
                        "y": -1.5115,
                        "z": 0.3558
                    },
                    "pointN": 174,
                    "rotation3D": {
                        "x": 0,
                        "y": 0,
                        "z": -0.002
                    },
                    "size3D": {
                        "x": 4.2503,
                        "y": 2.0155,
                        "z": 1.4994
                    }
                },
                "className": "Car"
            }
        ]
    }
]