[
    {
        "instances": [
            {
                "id": "57b5328e-9ad1-4183-8aae-303c64e8829e",
                "type": "3D_BOX",
                "contour": {
                    "center3D": {
                        "x": 22.7354,
                        "y": -1.0689,
                        "z": 0.5083
                    },
                    "pointN": 178,
                    "rotation3D": {
                        "x": 0,
                        "y": 0,
                        "z": -0.002
                    },
                    "size3D": {
                        "x": 4.2503,
                        "y": 2.0155,
                        "z": 1.4994
                    }
                },
                "className": "Car"
            }
        ]
    }
]