[
    {
        "instances": [
            {
                "id": "b425e29b-e8bd-46b3-a908-98158c562735",
                "type": "3D_BOX",
                "contour": {
                    "center3D": {
                        "x": 23.1219,
                        "y": -1.3908,
                        "z": 0.407
                    },
                    "pointN": 173,
                    "rotation3D": {
                        "x": 0,
                        "y": 0,
                        "z": -0.002
                    },
                    "size3D": {
                        "x": 4.2503,
                        "y": 2.0155,
                        "z": 1.4994
                    }
                },
                "className": "Car"
            }
        ]
    }
]