[
    {
        "instances": [
            {
                "id": "31f75ae7-11c6-446e-8d9c-3f46f872f18c",
                "type": "3D_BOX",
                "contour": {
                    "center3D": {
                        "x": 21.1404,
                        "y": -0.1883,
                        "z": 0.4505
                    },
                    "pointN": 177,
                    "rotation3D": {
                        "x": 0,
                        "y": 0,
                        "z": -0.002
                    },
                    "size3D": {
                        "x": 4.2503,
                        "y": 2.0155,
                        "z": 1.4994
                    }
                },
                "className": "Car"
            }
        ]
    }
]