[
    {
        "instances": [
            {
                "id": "35b2fe71-a520-4383-81ba-7414a4277b29",
                "type": "3D_BOX",
                "contour": {
                    "center3D": {
                        "x": 23.3937,
                        "y": -1.6321,
                        "z": 0.3046
                    },
                    "pointN": 183,
                    "rotation3D": {
                        "x": 0,
                        "y": 0,
                        "z": -0.002
                    },
                    "size3D": {
                        "x": 4.2503,
                        "y": 2.0155,
                        "z": 1.4994
                    }
                },
                "className": "Car"
            }
        ]
    }
]