[
    {
        "instances": [
            {
                "id": "130397b8-5260-460f-ae2b-ba0461bab865",
                "type": "3D_BOX",
                "contour": {
                    "center3D": {
                        "x": 22.6206,
                        "y": -0.9884,
                        "z": 0.5072
                    },
                    "pointN": 165,
                    "rotation3D": {
                        "x": 0,
                        "y": 0,
                        "z": -0.002
                    },
                    "size3D": {
                        "x": 4.2503,
                        "y": 2.0155,
                        "z": 1.4994
                    }
                },
                "className": "Car"
            }
        ]
    }
]