[
    {
        "instances": [
            {
                "id": "caa2f400-26ef-4150-9698-bee0a17605c2",
                "type": "3D_BOX",
                "contour": {
                    "center3D": {
                        "x": 20.2535,
                        "y": 0.129,
                        "z": 0.5175
                    },
                    "pointN": 261,
                    "rotation3D": {
                        "x": 0,
                        "y": 0,
                        "z": -0.002
                    },
                    "size3D": {
                        "x": 4.2503,
                        "y": 2.0155,
                        "z": 1.4994
                    }
                },
                "className": "Car"
            }
        ]
    }
]