[
    {
        "instances": [
            {
                "id": "453c992b-1ac5-40ab-a314-67576b8b0c34",
                "type": "3D_BOX",
                "contour": {
                    "center3D": {
                        "x": 21.2751,
                        "y": -0.2233,
                        "z": 0.4166
                    },
                    "pointN": 160,
                    "rotation3D": {
                        "x": 0,
                        "y": 0,
                        "z": -0.002
                    },
                    "size3D": {
                        "x": 4.2503,
                        "y": 2.0155,
                        "z": 1.4994
                    }
                },
                "className": "Car"
            }
        ]
    }
]