[
    {
        "instances": [
            {
                "id": "d5aa7817-c5df-43b2-a694-6f4c03726bf3",
                "type": "3D_BOX",
                "contour": {
                    "center3D": {
                        "x": 22.0467,
                        "y": -0.586,
                        "z": 0.5014
                    },
                    "pointN": 174,
                    "rotation3D": {
                        "x": 0,
                        "y": 0,
                        "z": -0.002
                    },
                    "size3D": {
                        "x": 4.2503,
                        "y": 2.0155,
                        "z": 1.4994
                    }
                },
                "className": "Car"
            }
        ]
    }
]