[
    {
        "instances": [
            {
                "id": "200f66a0-1775-4ecc-b2d1-b3242a8b3d06",
                "type": "3D_BOX",
                "contour": {
                    "center3D": {
                        "x": 20.8153,
                        "y": -0.185,
                        "z": 0.4383
                    },
                    "pointN": 190,
                    "rotation3D": {
                        "x": 0,
                        "y": 0,
                        "z": -0.002
                    },
                    "size3D": {
                        "x": 4.2503,
                        "y": 2.0155,
                        "z": 1.4994
                    }
                },
                "className": "Car"
            }
        ]
    }
]