[
    {
        "instances": [
            {
                "id": "eb7667be-ccf3-4273-a267-56d37a795181",
                "type": "3D_BOX",
                "contour": {
                    "center3D": {
                        "x": 21.0995,
                        "y": -0.1935,
                        "z": 0.4449
                    },
                    "pointN": 180,
                    "rotation3D": {
                        "x": 0,
                        "y": 0,
                        "z": -0.002
                    },
                    "size3D": {
                        "x": 4.2503,
                        "y": 2.0155,
                        "z": 1.4994
                    }
                },
                "className": "Car"
            }
        ]
    }
]