[
    {
        "instances": [
            {
                "id": "260e28cf-85c1-41bb-aef5-9b206c463b97",
                "type": "3D_BOX",
                "contour": {
                    "center3D": {
                        "x": 20.8952,
                        "y": -0.2197,
                        "z": 0.417
                    },
                    "pointN": 214,
                    "rotation3D": {
                        "x": 0,
                        "y": 0,
                        "z": -0.002
                    },
                    "size3D": {
                        "x": 4.2503,
                        "y": 2.0155,
                        "z": 1.4994
                    }
                },
                "className": "Car"
            }
        ]
    }
]