[
    {
        "instances": [
            {
                "id": "2d7558cf-939a-44d1-834e-4ce44cc53166",
                "type": "3D_BOX",
                "contour": {
                    "center3D": {
                        "x": 20.2929,
                        "y": 0.0771,
                        "z": 0.4704
                    },
                    "pointN": 236,
                    "rotation3D": {
                        "x": 0,
                        "y": 0,
                        "z": -0.002
                    },
                    "size3D": {
                        "x": 4.2503,
                        "y": 2.0155,
                        "z": 1.4994
                    }
                },
                "className": "Car"
            }
        ]
    }
]