[
    {
        "instances": [
            {
                "id": "234619e9-b576-45ec-af5e-23bb2c1be739",
                "type": "3D_BOX",
                "contour": {
                    "center3D": {
                        "x": 22.2762,
                        "y": -0.747,
                        "z": 0.5037
                    },
                    "pointN": 171,
                    "rotation3D": {
                        "x": 0,
                        "y": 0,
                        "z": -0.002
                    },
                    "size3D": {
                        "x": 4.2503,
                        "y": 2.0155,
                        "z": 1.4994
                    }
                },
                "className": "Car"
            }
        ]
    }
]