[
    {
        "instances": [
            {
                "id": "b255a16b-5d56-4d67-8286-71e9fa0da96b",
                "type": "3D_BOX",
                "contour": {
                    "center3D": {
                        "x": 22.8502,
                        "y": -1.1494,
                        "z": 0.5095
                    },
                    "pointN": 178,
                    "rotation3D": {
                        "x": 0,
                        "y": 0,
                        "z": -0.002
                    },
                    "size3D": {
                        "x": 4.2503,
                        "y": 2.0155,
                        "z": 1.4994
                    }
                },
                "className": "Car"
            }
        ]
    }
]