[
    {
        "instances": [
            {
                "id": "e2435b70-ce82-4eda-92c6-646f032dc30c",
                "type": "3D_BOX",
                "contour": {
                    "center3D": {
                        "x": 20.2868,
                        "y": 0.0541,
                        "z": 0.4361
                    },
                    "pointN": 244,
                    "rotation3D": {
                        "x": 0,
                        "y": 0,
                        "z": -0.002
                    },
                    "size3D": {
                        "x": 4.2503,
                        "y": 2.0155,
                        "z": 1.4994
                    }
                },
                "className": "Car"
            }
        ]
    }
]