[
    {
        "instances": [
            {
                "id": "2ed11569-e864-4158-8a35-f2cfc6e316b3",
                "type": "3D_BOX",
                "contour": {
                    "center3D": {
                        "x": 20.7374,
                        "y": -0.1051,
                        "z": 0.492
                    },
                    "pointN": 226,
                    "rotation3D": {
                        "x": 0,
                        "y": 0,
                        "z": -0.002
                    },
                    "size3D": {
                        "x": 4.2503,
                        "y": 2.0155,
                        "z": 1.4994
                    }
                },
                "className": "Car"
            }
        ]
    }
]