[
    {
        "instances": [
            {
                "id": "60d701f6-f674-4412-b871-aea8194d496c",
                "type": "3D_BOX",
                "contour": {
                    "center3D": {
                        "x": 20.8543,
                        "y": -0.225,
                        "z": 0.4114
                    },
                    "pointN": 178,
                    "rotation3D": {
                        "x": 0,
                        "y": 0,
                        "z": -0.002
                    },
                    "size3D": {
                        "x": 4.2503,
                        "y": 2.0155,
                        "z": 1.4994
                    }
                },
                "className": "Car"
            }
        ]
    }
]