[
    {
        "instances": [
            {
                "id": "02852a14-e0a7-48c5-9bb9-58d1cd3d4ca4",
                "type": "3D_BOX",
                "contour": {
                    "center3D": {
                        "x": 22.9861,
                        "y": -1.2701,
                        "z": 0.4583
                    },
                    "pointN": 178,
                    "rotation3D": {
                        "x": 0,
                        "y": 0,
                        "z": -0.002
                    },
                    "size3D": {
                        "x": 4.2503,
                        "y": 2.0155,
                        "z": 1.4994
                    }
                },
                "className": "Car"
            }
        ]
    }
]