[
    {
        "instances": [
            {
                "id": "6a25297f-7575-48b0-bcfc-bbb2571f2fae",
                "type": "3D_BOX",
                "contour": {
                    "center3D": {
                        "x": 20.2337,
                        "y": 0.0744,
                        "z": 0.541
                    },
                    "pointN": 280,
                    "rotation3D": {
                        "x": 0,
                        "y": 0,
                        "z": -0.002
                    },
                    "size3D": {
                        "x": 4.2503,
                        "y": 2.0155,
                        "z": 1.4994
                    }
                },
                "className": "Car"
            }
        ]
    }
]