[
    {
        "instances": [
            {
                "id": "ddec1f9d-4a2c-427e-b1c2-d211a9988870",
                "type": "3D_BOX",
                "contour": {
                    "center3D": {
                        "x": 20.4533,
                        "y": -0.0363,
                        "z": 0.3518
                    },
                    "pointN": 222,
                    "rotation3D": {
                        "x": 0,
                        "y": 0,
                        "z": -0.002
                    },
                    "size3D": {
                        "x": 4.2503,
                        "y": 2.0155,
                        "z": 1.4994
                    }
                },
                "className": "Car"
            }
        ]
    }
]