[
    {
        "instances": [
            {
                "id": "215058a0-7104-4734-83ba-1cad4d15bfe9",
                "type": "3D_BOX",
                "contour": {
                    "center3D": {
                        "x": 21.9319,
                        "y": -0.5055,
                        "z": 0.5002
                    },
                    "pointN": 181,
                    "rotation3D": {
                        "x": 0,
                        "y": 0,
                        "z": -0.002
                    },
                    "size3D": {
                        "x": 4.2503,
                        "y": 2.0155,
                        "z": 1.4994
                    }
                },
                "className": "Car"
            }
        ]
    }
]