[
    {
        "instances": [
            {
                "id": "7c5e41c2-69af-4100-87e1-5181dd512cf4",
                "type": "3D_BOX",
                "contour": {
                    "center3D": {
                        "x": 20.6984,
                        "y": -0.0652,
                        "z": 0.5189
                    },
                    "pointN": 219,
                    "rotation3D": {
                        "x": 0,
                        "y": 0,
                        "z": -0.002
                    },
                    "size3D": {
                        "x": 4.2503,
                        "y": 2.0155,
                        "z": 1.4994
                    }
                },
                "className": "Car"
            }
        ]
    }
]