[
    {
        "instances": [
            {
                "id": "f46361a7-a47d-4935-8f90-b41ebc136e2d",
                "type": "3D_BOX",
                "contour": {
                    "center3D": {
                        "x": 20.6576,
                        "y": -0.0604,
                        "z": 0.4511
                    },
                    "pointN": 207,
                    "rotation3D": {
                        "x": 0,
                        "y": 0,
                        "z": -0.002
                    },
                    "size3D": {
                        "x": 4.2503,
                        "y": 2.0155,
                        "z": 1.4994
                    }
                },
                "className": "Car"
            }
        ]
    }
]