[
    {
        "instances": [
            {
                "id": "746cf8c6-6b02-41f1-b631-36753aab3804",
                "type": "3D_BOX",
                "contour": {
                    "center3D": {
                        "x": 22.1615,
                        "y": -0.6665,
                        "z": 0.5025
                    },
                    "pointN": 183,
                    "rotation3D": {
                        "x": 0,
                        "y": 0,
                        "z": -0.002
                    },
                    "size3D": {
                        "x": 4.2503,
                        "y": 2.0155,
                        "z": 1.4994
                    }
                },
                "className": "Car"
            }
        ]
    }
]