[
    {
        "instances": [
            {
                "id": "e37765d4-c2f1-46b6-ac52-8231ee70d0c5",
                "type": "3D_BOX",
                "contour": {
                    "center3D": {
                        "x": 20.3519,
                        "y": -0.0007,
                        "z": 0.3997
                    },
                    "pointN": 237,
                    "rotation3D": {
                        "x": 0,
                        "y": 0,
                        "z": -0.002
                    },
                    "size3D": {
                        "x": 4.2503,
                        "y": 2.0155,
                        "z": 1.4994
                    }
                },
                "className": "Car"
            }
        ]
    }
]