[
    {
        "instances": [
            {
                "id": "61737c25-c4cb-4c29-a75f-307178fb4d66",
                "type": "3D_BOX",
                "contour": {
                    "center3D": {
                        "x": 20.6167,
                        "y": -0.0556,
                        "z": 0.3832
                    },
                    "pointN": 219,
                    "rotation3D": {
                        "x": 0,
                        "y": 0,
                        "z": -0.002
                    },
                    "size3D": {
                        "x": 4.2503,
                        "y": 2.0155,
                        "z": 1.4994
                    }
                },
                "className": "Car"
            }
        ]
    }
]