[
    {
        "instances": [
            {
                "id": "86edd308-81d1-4b15-baab-2f2e78036727",
                "type": "3D_BOX",
                "contour": {
                    "center3D": {
                        "x": 22.5058,
                        "y": -0.908,
                        "z": 0.506
                    },
                    "pointN": 170,
                    "rotation3D": {
                        "x": 0,
                        "y": 0,
                        "z": -0.002
                    },
                    "size3D": {
                        "x": 4.2503,
                        "y": 2.0155,
                        "z": 1.4994
                    }
                },
                "className": "Car"
            }
        ]
    }
]