[
    {
        "instances": [
            {
                "id": "06a2adbe-4a41-44b0-92ca-dd4b9759e273",
                "type": "3D_BOX",
                "contour": {
                    "center3D": {
                        "x": 20.7569,
                        "y": -0.1251,
                        "z": 0.4786
                    },
                    "pointN": 228,
                    "rotation3D": {
                        "x": 0,
                        "y": 0,
                        "z": -0.002
                    },
                    "size3D": {
                        "x": 4.2503,
                        "y": 2.0155,
                        "z": 1.4994
                    }
                },
                "className": "Car"
            }
        ]
    }
]