[
    {
        "instances": [
            {
                "id": "55d6aef7-b0a4-4d92-b853-324ea08360b6",
                "type": "3D_BOX",
                "contour": {
                    "center3D": {
                        "x": 21.4627,
                        "y": -0.304,
                        "z": 0.3877
                    },
                    "pointN": 172,
                    "rotation3D": {
                        "x": 0,
                        "y": 0,
                        "z": -0.002
                    },
                    "size3D": {
                        "x": 4.2503,
                        "y": 2.0155,
                        "z": 1.4994
                    }
                },
                "className": "Car"
            }
        ]
    }
]