[
    {
        "instances": [
            {
                "id": "645c5a1d-a94d-40b4-9dfc-119a020fcba0",
                "type": "3D_BOX",
                "contour": {
                    "center3D": {
                        "x": 20.2746,
                        "y": 0.0484,
                        "z": 0.4575
                    },
                    "pointN": 250,
                    "rotation3D": {
                        "x": 0,
                        "y": 0,
                        "z": -0.002
                    },
                    "size3D": {
                        "x": 4.2503,
                        "y": 2.0155,
                        "z": 1.4994
                    }
                },
                "className": "Car"
            }
        ]
    }
]