[
    {
        "instances": [
            {
                "id": "dd12c940-0405-4daa-b822-c0f802257143",
                "type": "3D_BOX",
                "contour": {
                    "center3D": {
                        "x": 20.2732,
                        "y": 0.1031,
                        "z": 0.4939
                    },
                    "pointN": 221,
                    "rotation3D": {
                        "x": 0,
                        "y": 0,
                        "z": -0.002
                    },
                    "size3D": {
                        "x": 4.2503,
                        "y": 2.0155,
                        "z": 1.4994
                    }
                },
                "className": "Car"
            }
        ]
    }
]