[
    {
        "instances": [
            {
                "id": "cf7ea1f6-143b-43c2-bff8-4b19548417e0",
                "type": "3D_BOX",
                "contour": {
                    "center3D": {
                        "x": 22.391,
                        "y": -0.8275,
                        "z": 0.5048
                    },
                    "pointN": 176,
                    "rotation3D": {
                        "x": 0,
                        "y": 0,
                        "z": -0.002
                    },
                    "size3D": {
                        "x": 4.2503,
                        "y": 2.0155,
                        "z": 1.4994
                    }
                },
                "className": "Car"
            }
        ]
    }
]