[
    {
        "instances": [
            {
                "id": "1905a19c-8f0c-498a-95f5-2c610e262924",
                "type": "3D_BOX",
                "contour": {
                    "center3D": {
                        "x": 21.838,
                        "y": -0.4652,
                        "z": 0.4697
                    },
                    "pointN": 187,
                    "rotation3D": {
                        "x": 0,
                        "y": 0,
                        "z": -0.002
                    },
                    "size3D": {
                        "x": 4.2503,
                        "y": 2.0155,
                        "z": 1.4994
                    }
                },
                "className": "Car"
            }
        ]
    }
]