[
    {
        "instances": [
            {
                "id": "ab2c1db8-8943-4f57-ab47-864c646a21fa",
                "type": "3D_BOX",
                "contour": {
                    "center3D": {
                        "x": 21.5566,
                        "y": -0.3443,
                        "z": 0.3982
                    },
                    "pointN": 183,
                    "rotation3D": {
                        "x": 0,
                        "y": 0,
                        "z": -0.002
                    },
                    "size3D": {
                        "x": 4.2503,
                        "y": 2.0155,
                        "z": 1.4994
                    }
                },
                "className": "Car"
            }
        ]
    }
]