[
    {
        "instances": [
            {
                "id": "3508ad5d-e4a0-495e-8937-0ede25f4bb1e",
                "type": "3D_BOX",
                "contour": {
                    "center3D": {
                        "x": 20.535,
                        "y": -0.0459,
                        "z": 0.3275
                    },
                    "pointN": 225,
                    "rotation3D": {
                        "x": 0,
                        "y": 0,
                        "z": -0.002
                    },
                    "size3D": {
                        "x": 4.2503,
                        "y": 2.0155,
                        "z": 1.4994
                    }
                },
                "className": "Car"
            }
        ]
    }
]