[
    {
        "instances": [
            {
                "id": "bde44119-c418-4f12-ab34-c59d1c071a01",
                "type": "3D_BOX",
                "contour": {
                    "center3D": {
                        "x": 20.8348,
                        "y": -0.205,
                        "z": 0.4248
                    },
                    "pointN": 173,
                    "rotation3D": {
                        "x": 0,
                        "y": 0,
                        "z": -0.002
                    },
                    "size3D": {
                        "x": 4.2503,
                        "y": 2.0155,
                        "z": 1.4994
                    }
                },
                "className": "Car"
            }
        ]
    }
]