[
    {
        "instances": [
            {
                "id": "b39c91fb-da13-4a52-8984-d681c374813e",
                "type": "3D_BOX",
                "contour": {
                    "center3D": {
                        "x": 20.226,
                        "y": 0.0254,
                        "z": 0.5432
                    },
                    "pointN": 265,
                    "rotation3D": {
                        "x": 0,
                        "y": 0,
                        "z": -0.002
                    },
                    "size3D": {
                        "x": 4.2503,
                        "y": 2.0155,
                        "z": 1.4994
                    }
                },
                "className": "Car"
            }
        ]
    }
]