[
    {
        "instances": [
            {
                "id": "cbb39660-bfd5-4238-b2fb-d0c88a400037",
                "type": "3D_BOX",
                "contour": {
                    "center3D": {
                        "x": 20.7958,
                        "y": -0.1651,
                        "z": 0.4517
                    },
                    "pointN": 226,
                    "rotation3D": {
                        "x": 0,
                        "y": 0,
                        "z": -0.002
                    },
                    "size3D": {
                        "x": 4.2503,
                        "y": 2.0155,
                        "z": 1.4994
                    }
                },
                "className": "Car"
            }
        ]
    }
]