[
    {
        "instances": [
            {
                "id": "fa879333-2570-46b8-999a-39f7c62e87b1",
                "type": "3D_BOX",
                "contour": {
                    "center3D": {
                        "x": 20.2624,
                        "y": 0.0426,
                        "z": 0.4789
                    },
                    "pointN": 257,
                    "rotation3D": {
                        "x": 0,
                        "y": 0,
                        "z": -0.002
                    },
                    "size3D": {
                        "x": 4.2503,
                        "y": 2.0155,
                        "z": 1.4994
                    }
                },
                "className": "Car"
            }
        ]
    }
]