[
    {
        "instances": [
            {
                "id": "58b1a710-46bf-4057-a861-5bf0b21d5bfd",
                "type": "3D_BOX",
                "contour": {
                    "center3D": {
                        "x": 20.3322,
                        "y": 0.0252,
                        "z": 0.4232
                    },
                    "pointN": 247,
                    "rotation3D": {
                        "x": 0,
                        "y": 0,
                        "z": -0.002
                    },
                    "size3D": {
                        "x": 4.2503,
                        "y": 2.0155,
                        "z": 1.4994
                    }
                },
                "className": "Car"
            }
        ]
    }
]