[
    {
        "instances": [
            {
                "id": "21c6a16b-ec41-458c-ac83-1fce0e1a7e69",
                "type": "3D_BOX",
                "contour": {
                    "center3D": {
                        "x": 20.9769,
                        "y": -0.2092,
                        "z": 0.4282
                    },
                    "pointN": 185,
                    "rotation3D": {
                        "x": 0,
                        "y": 0,
                        "z": -0.002
                    },
                    "size3D": {
                        "x": 4.2503,
                        "y": 2.0155,
                        "z": 1.4994
                    }
                },
                "className": "Car"
            }
        ]
    }
]