[
    {
        "instances": [
            {
                "id": "a39290e2-5eb8-434e-8e11-e3941d81296e",
                "type": "3D_BOX",
                "contour": {
                    "center3D": {
                        "x": 20.2503,
                        "y": 0.0369,
                        "z": 0.5003
                    },
                    "pointN": 246,
                    "rotation3D": {
                        "x": 0,
                        "y": 0,
                        "z": -0.002
                    },
                    "size3D": {
                        "x": 4.2503,
                        "y": 2.0155,
                        "z": 1.4994
                    }
                },
                "className": "Car"
            }
        ]
    }
]