[
    {
        "instances": [
            {
                "id": "ef627679-e16a-4117-8d64-556f1eab7bbb",
                "type": "3D_BOX",
                "contour": {
                    "center3D": {
                        "x": 20.936,
                        "y": -0.2145,
                        "z": 0.4226
                    },
                    "pointN": 175,
                    "rotation3D": {
                        "x": 0,
                        "y": 0,
                        "z": -0.002
                    },
                    "size3D": {
                        "x": 4.2503,
                        "y": 2.0155,
                        "z": 1.4994
                    }
                },
                "className": "Car"
            }
        ]
    }
]