[
    {
        "instances": [
            {
                "id": "b7c5dc20-1d79-4bcd-b893-d4134e73afba",
                "type": "3D_BOX",
                "contour": {
                    "center3D": {
                        "x": 21.3689,
                        "y": -0.2637,
                        "z": 0.3772
                    },
                    "pointN": 172,
                    "rotation3D": {
                        "x": 0,
                        "y": 0,
                        "z": -0.002
                    },
                    "size3D": {
                        "x": 4.2503,
                        "y": 2.0155,
                        "z": 1.4994
                    }
                },
                "className": "Car"
            }
        ]
    }
]