[
    {
        "instances": [
            {
                "id": "caaffe2c-2efc-4eac-a8e4-1a1cc13d1952",
                "type": "3D_BOX",
                "contour": {
                    "center3D": {
                        "x": 21.1813,
                        "y": -0.183,
                        "z": 0.4561
                    },
                    "pointN": 182,
                    "rotation3D": {
                        "x": 0,
                        "y": 0,
                        "z": -0.002
                    },
                    "size3D": {
                        "x": 4.2503,
                        "y": 2.0155,
                        "z": 1.4994
                    }
                },
                "className": "Car"
            }
        ]
    }
]