[
    {
        "instances": [
            {
                "id": "961fc0d1-15ed-44d8-8efd-ec62b55a5e4b",
                "type": "3D_BOX",
                "contour": {
                    "center3D": {
                        "x": 21.0178,
                        "y": -0.204,
                        "z": 0.4338
                    },
                    "pointN": 176,
                    "rotation3D": {
                        "x": 0,
                        "y": 0,
                        "z": -0.002
                    },
                    "size3D": {
                        "x": 4.2503,
                        "y": 2.0155,
                        "z": 1.4994
                    }
                },
                "className": "Car"
            }
        ]
    }
]