[
    {
        "instances": [
            {
                "id": "230160c6-ffdf-4475-a028-f40d554aa342",
                "type": "3D_BOX",
                "contour": {
                    "center3D": {
                        "x": 20.3126,
                        "y": 0.0512,
                        "z": 0.4468
                    },
                    "pointN": 225,
                    "rotation3D": {
                        "x": 0,
                        "y": 0,
                        "z": -0.002
                    },
                    "size3D": {
                        "x": 4.2503,
                        "y": 2.0155,
                        "z": 1.4994
                    }
                },
                "className": "Car"
            }
        ]
    }
]