[
    {
        "instances": [
            {
                "id": "5b4703a5-2120-4a82-b828-aabea5f27e99",
                "type": "3D_BOX",
                "contour": {
                    "center3D": {
                        "x": 20.2989,
                        "y": 0.0599,
                        "z": 0.4147
                    },
                    "pointN": 241,
                    "rotation3D": {
                        "x": 0,
                        "y": 0,
                        "z": -0.002
                    },
                    "size3D": {
                        "x": 4.2503,
                        "y": 2.0155,
                        "z": 1.4994
                    }
                },
                "className": "Car"
            }
        ]
    }
]