[
    {
        "instances": [
            {
                "id": "22b1fce6-4e82-4840-a49c-21dd8e954971",
                "type": "3D_BOX",
                "contour": {
                    "center3D": {
                        "x": 21.7442,
                        "y": -0.4249,
                        "z": 0.4392
                    },
                    "pointN": 181,
                    "rotation3D": {
                        "x": 0,
                        "y": 0,
                        "z": -0.002
                    },
                    "size3D": {
                        "x": 4.2503,
                        "y": 2.0155,
                        "z": 1.4994
                    }
                },
                "className": "Car"
            }
        ]
    }
]