[
    {
        "instances": [
            {
                "id": "a500723c-8fa4-4ce0-910b-e2af6d936350",
                "type": "3D_BOX",
                "contour": {
                    "center3D": {
                        "x": 20.7179,
                        "y": -0.0852,
                        "z": 0.5054
                    },
                    "pointN": 221,
                    "rotation3D": {
                        "x": 0,
                        "y": 0,
                        "z": -0.002
                    },
                    "size3D": {
                        "x": 4.2503,
                        "y": 2.0155,
                        "z": 1.4994
                    }
                },
                "className": "Car"
            }
        ]
    }
]