[
    {
        "instances": [
            {
                "id": "015a6029-a4db-4d37-9e67-0be5dbf6a5e2",
                "type": "3D_BOX",
                "contour": {
                    "center3D": {
                        "x": 20.4942,
                        "y": -0.0411,
                        "z": 0.3397
                    },
                    "pointN": 222,
                    "rotation3D": {
                        "x": 0,
                        "y": 0,
                        "z": -0.002
                    },
                    "size3D": {
                        "x": 4.2503,
                        "y": 2.0155,
                        "z": 1.4994
                    }
                },
                "className": "Car"
            }
        ]
    }
]