[
    {
        "instances": [
            {
                "id": "05ab3b72-6358-445f-931f-3eb92834d82a",
                "type": "3D_BOX",
                "contour": {
                    "center3D": {
                        "x": 20.2138,
                        "y": 0.0197,
                        "z": 0.5646
                    },
                    "pointN": 270,
                    "rotation3D": {
                        "x": 0,
                        "y": 0,
                        "z": -0.002
                    },
                    "size3D": {
                        "x": 4.2503,
                        "y": 2.0155,
                        "z": 1.4994
                    }
                },
                "className": "Car"
            }
        ]
    }
]