[
    {
        "instances": [
            {
                "id": "eeb80899-bf63-4698-906c-b1bddcc024de",
                "type": "3D_BOX",
                "contour": {
                    "center3D": {
                        "x": 20.7764,
                        "y": -0.1451,
                        "z": 0.4651
                    },
                    "pointN": 224,
                    "rotation3D": {
                        "x": 0,
                        "y": 0,
                        "z": -0.002
                    },
                    "size3D": {
                        "x": 4.2503,
                        "y": 2.0155,
                        "z": 1.4994
                    }
                },
                "className": "Car"
            }
        ]
    }
]