[
    {
        "instances": [
            {
                "id": "0cc04bf6-1f96-4510-8eb2-953ca2ecc941",
                "type": "3D_BOX",
                "contour": {
                    "center3D": {
                        "x": 20.5759,
                        "y": -0.0508,
                        "z": 0.3154
                    },
                    "pointN": 231,
                    "rotation3D": {
                        "x": 0,
                        "y": 0,
                        "z": -0.002
                    },
                    "size3D": {
                        "x": 4.2503,
                        "y": 2.0155,
                        "z": 1.4994
                    }
                },
                "className": "Car"
            }
        ]
    }
]