[
    {
        "instances": [
            {
                "id": "424aa4fb-93e5-437f-b03a-9cba2f25ddca",
                "type": "3D_BOX",
                "contour": {
                    "center3D": {
                        "x": 21.6504,
                        "y": -0.3846,
                        "z": 0.4087
                    },
                    "pointN": 173,
                    "rotation3D": {
                        "x": 0,
                        "y": 0,
                        "z": -0.002
                    },
                    "size3D": {
                        "x": 4.2503,
                        "y": 2.0155,
                        "z": 1.4994
                    }
                },
                "className": "Car"
            }
        ]
    }
]