[
    {
        "instances": [
            {
                "id": "8a8e7e8b-f0de-4c84-8bf8-fe4802cf0c48",
                "type": "3D_BOX",
                "contour": {
                    "center3D": {
                        "x": 22.2278,
                        "y": 0.3841,
                        "z": 0.4453
                    },
                    "pointN": 227,
                    "rotation3D": {
                        "x": 0,
                        "y": 0,
                        "z": 0.012
                    },
                    "size3D": {
                        "x": 4.2465,
                        "y": 2.0219,
                        "z": 1.5006
                    }
                },
                "className": "Car"
            }
        ]
    }
]