[
    {
        "instances": [
            {
                "id": "31e1ce4d-e74b-4e3b-b59a-533db1c9d7b8",
                "type": "3D_BOX",
                "contour": {
                    "center3D": {
                        "x": 21.1925,
                        "y": 0.3097,
                        "z": 0.3173
                    },
                    "pointN": 245,
                    "rotation3D": {
                        "x": 0,
                        "y": 0,
                        "z": 0.012
                    },
                    "size3D": {
                        "x": 4.2465,
                        "y": 2.0219,
                        "z": 1.5006
                    }
                },
                "className": "Car"
            }
        ]
    }
]