[
    {
        "instances": [
            {
                "id": "ab880ae7-8eac-4f3c-9539-7f51b5dfaf9b",
                "type": "3D_BOX",
                "contour": {
                    "center3D": {
                        "x": 20.7395,
                        "y": 0.3177,
                        "z": 0.2872
                    },
                    "pointN": 237,
                    "rotation3D": {
                        "x": 0,
                        "y": 0,
                        "z": 0.012
                    },
                    "size3D": {
                        "x": 4.2465,
                        "y": 2.0219,
                        "z": 1.5006
                    }
                },
                "className": "Car"
            }
        ]
    }
]