[
    {
        "instances": [
            {
                "id": "cd73739f-1187-4092-8741-8ee2cbc8aa00",
                "type": "3D_BOX",
                "contour": {
                    "center3D": {
                        "x": 21.957,
                        "y": 0.3053,
                        "z": 0.4244
                    },
                    "pointN": 209,
                    "rotation3D": {
                        "x": 0,
                        "y": 0,
                        "z": 0.012
                    },
                    "size3D": {
                        "x": 4.2465,
                        "y": 2.0219,
                        "z": 1.5006
                    }
                },
                "className": "Car"
            }
        ]
    }
]