[
    {
        "instances": [
            {
                "id": "51153db0-1aad-4e6a-b4fd-a20bad3c1d6f",
                "type": "3D_BOX",
                "contour": {
                    "center3D": {
                        "x": 20.0883,
                        "y": 0.3099,
                        "z": 0.3573
                    },
                    "pointN": 255,
                    "rotation3D": {
                        "x": 0,
                        "y": 0,
                        "z": 0.012
                    },
                    "size3D": {
                        "x": 4.2465,
                        "y": 2.0219,
                        "z": 1.5006
                    }
                },
                "className": "Car"
            }
        ]
    }
]