[
    {
        "instances": [
            {
                "id": "a2599cdf-b904-419c-831c-eb8c04707b1d",
                "type": "3D_BOX",
                "contour": {
                    "center3D": {
                        "x": 22.1548,
                        "y": 0.3347,
                        "z": 0.1072
                    },
                    "pointN": 199,
                    "rotation3D": {
                        "x": 0,
                        "y": 0,
                        "z": 0.012
                    },
                    "size3D": {
                        "x": 4.2465,
                        "y": 2.0219,
                        "z": 1.5006
                    }
                },
                "className": "Car"
            }
        ]
    }
]