[
    {
        "instances": [
            {
                "id": "3ea85072-d94f-4f4a-8168-6e55022a914f",
                "type": "3D_BOX",
                "contour": {
                    "center3D": {
                        "x": 21.0226,
                        "y": 0.3144,
                        "z": 0.2923
                    },
                    "pointN": 230,
                    "rotation3D": {
                        "x": 0,
                        "y": 0,
                        "z": 0.012
                    },
                    "size3D": {
                        "x": 4.2465,
                        "y": 2.0219,
                        "z": 1.5006
                    }
                },
                "className": "Car"
            }
        ]
    }
]