[
    {
        "instances": [
            {
                "id": "e7872249-4262-4d68-8097-f423f37447fd",
                "type": "3D_BOX",
                "contour": {
                    "center3D": {
                        "x": 21.2492,
                        "y": 0.3081,
                        "z": 0.3256
                    },
                    "pointN": 256,
                    "rotation3D": {
                        "x": 0,
                        "y": 0,
                        "z": 0.012
                    },
                    "size3D": {
                        "x": 4.2465,
                        "y": 2.0219,
                        "z": 1.5006
                    }
                },
                "className": "Car"
            }
        ]
    }
]