[
    {
        "instances": [
            {
                "id": "85c62d4f-d6bc-41ca-bb80-4fadd6f33cc4",
                "type": "3D_BOX",
                "contour": {
                    "center3D": {
                        "x": 21.7302,
                        "y": 0.3296,
                        "z": 0.2872
                    },
                    "pointN": 223,
                    "rotation3D": {
                        "x": 0,
                        "y": 0,
                        "z": 0.012
                    },
                    "size3D": {
                        "x": 4.2465,
                        "y": 2.0219,
                        "z": 1.5006
                    }
                },
                "className": "Car"
            }
        ]
    }
]