[
    {
        "instances": [
            {
                "id": "a77542fd-ff81-4fd1-805d-fea54576c67d",
                "type": "3D_BOX",
                "contour": {
                    "center3D": {
                        "x": 21.6402,
                        "y": 0.3285,
                        "z": 0.2536
                    },
                    "pointN": 246,
                    "rotation3D": {
                        "x": 0,
                        "y": 0,
                        "z": 0.012
                    },
                    "size3D": {
                        "x": 4.2465,
                        "y": 2.0219,
                        "z": 1.5006
                    }
                },
                "className": "Car"
            }
        ]
    }
]