[
    {
        "instances": [
            {
                "id": "b197d29c-e0b5-4b8e-86fb-ee70c8f3cca7",
                "type": "3D_BOX",
                "contour": {
                    "center3D": {
                        "x": 21.6382,
                        "y": 0.3285,
                        "z": 0.2447
                    },
                    "pointN": 210,
                    "rotation3D": {
                        "x": 0,
                        "y": 0,
                        "z": 0.012
                    },
                    "size3D": {
                        "x": 4.2465,
                        "y": 2.0219,
                        "z": 1.5006
                    }
                },
                "className": "Car"
            }
        ]
    }
]