[
    {
        "instances": [
            {
                "id": "25d2fb1a-e3fa-4588-9922-90f5b7470809",
                "type": "3D_BOX",
                "contour": {
                    "center3D": {
                        "x": 20.1827,
                        "y": 0.311,
                        "z": 0.3506
                    },
                    "pointN": 246,
                    "rotation3D": {
                        "x": 0,
                        "y": 0,
                        "z": 0.012
                    },
                    "size3D": {
                        "x": 4.2465,
                        "y": 2.0219,
                        "z": 1.5006
                    }
                },
                "className": "Car"
            }
        ]
    }
]