[
    {
        "instances": [
            {
                "id": "14346ba8-ee40-4af1-9b9d-55a0dd660b4f",
                "type": "3D_BOX",
                "contour": {
                    "center3D": {
                        "x": 20.4186,
                        "y": 0.3139,
                        "z": 0.3339
                    },
                    "pointN": 276,
                    "rotation3D": {
                        "x": 0,
                        "y": 0,
                        "z": 0.012
                    },
                    "size3D": {
                        "x": 4.2465,
                        "y": 2.0219,
                        "z": 1.5006
                    }
                },
                "className": "Car"
            }
        ]
    }
]