[
    {
        "instances": [
            {
                "id": "65b1b477-6587-4357-bfc8-961c0f1ca59e",
                "type": "3D_BOX",
                "contour": {
                    "center3D": {
                        "x": 22.07,
                        "y": 0.3246,
                        "z": 0.434
                    },
                    "pointN": 217,
                    "rotation3D": {
                        "x": 0,
                        "y": 0,
                        "z": 0.012
                    },
                    "size3D": {
                        "x": 4.2465,
                        "y": 2.0219,
                        "z": 1.5006
                    }
                },
                "className": "Car"
            }
        ]
    }
]