[
    {
        "instances": [
            {
                "id": "1a656655-1e32-4542-b86b-127053580029",
                "type": "3D_BOX",
                "contour": {
                    "center3D": {
                        "x": 21.8722,
                        "y": 0.2909,
                        "z": 0.4173
                    },
                    "pointN": 216,
                    "rotation3D": {
                        "x": 0,
                        "y": 0,
                        "z": 0.012
                    },
                    "size3D": {
                        "x": 4.2465,
                        "y": 2.0219,
                        "z": 1.5006
                    }
                },
                "className": "Car"
            }
        ]
    }
]