[
    {
        "instances": [
            {
                "id": "99ca80df-de24-4b44-b1b6-1c0495ae6ee0",
                "type": "3D_BOX",
                "contour": {
                    "center3D": {
                        "x": 22.0135,
                        "y": 0.315,
                        "z": 0.4292
                    },
                    "pointN": 219,
                    "rotation3D": {
                        "x": 0,
                        "y": 0,
                        "z": 0.012
                    },
                    "size3D": {
                        "x": 4.2465,
                        "y": 2.0219,
                        "z": 1.5006
                    }
                },
                "className": "Car"
            }
        ]
    }
]