[
    {
        "instances": [
            {
                "id": "ace82f72-0e71-4eae-baee-cded5f50f097",
                "type": "3D_BOX",
                "contour": {
                    "center3D": {
                        "x": 21.8437,
                        "y": 0.304,
                        "z": 0.3873
                    },
                    "pointN": 218,
                    "rotation3D": {
                        "x": 0,
                        "y": 0,
                        "z": 0.012
                    },
                    "size3D": {
                        "x": 4.2465,
                        "y": 2.0219,
                        "z": 1.5006
                    }
                },
                "className": "Car"
            }
        ]
    }
]