[
    {
        "instances": [
            {
                "id": "2abe2fbb-ae93-41dc-9ffc-1a2f418ac085",
                "type": "3D_BOX",
                "contour": {
                    "center3D": {
                        "x": 21.801,
                        "y": 0.3237,
                        "z": 0.3423
                    },
                    "pointN": 211,
                    "rotation3D": {
                        "x": 0,
                        "y": 0,
                        "z": 0.012
                    },
                    "size3D": {
                        "x": 4.2465,
                        "y": 2.0219,
                        "z": 1.5006
                    }
                },
                "className": "Car"
            }
        ]
    }
]