[
    {
        "instances": [
            {
                "id": "ddd9d24e-951d-4a2c-9e6a-0388259922cc",
                "type": "3D_BOX",
                "contour": {
                    "center3D": {
                        "x": 22.2954,
                        "y": 0.4173,
                        "z": 0.2672
                    },
                    "pointN": 220,
                    "rotation3D": {
                        "x": 0,
                        "y": 0,
                        "z": 0.012
                    },
                    "size3D": {
                        "x": 4.2465,
                        "y": 2.0219,
                        "z": 1.5006
                    }
                },
                "className": "Car"
            }
        ]
    }
]