[
    {
        "instances": [
            {
                "id": "438fea3a-3818-4f5d-bd83-89ff4be50e3c",
                "type": "3D_BOX",
                "contour": {
                    "center3D": {
                        "x": 20.2771,
                        "y": 0.3122,
                        "z": 0.3439
                    },
                    "pointN": 280,
                    "rotation3D": {
                        "x": 0,
                        "y": 0,
                        "z": 0.012
                    },
                    "size3D": {
                        "x": 4.2465,
                        "y": 2.0219,
                        "z": 1.5006
                    }
                },
                "className": "Car"
            }
        ]
    }
]