[
    {
        "instances": [
            {
                "id": "5f96801b-d8ca-4fa2-98d6-fbfd0192dbba",
                "type": "3D_BOX",
                "contour": {
                    "center3D": {
                        "x": 21.6276,
                        "y": 0.3283,
                        "z": 0.241
                    },
                    "pointN": 224,
                    "rotation3D": {
                        "x": 0,
                        "y": 0,
                        "z": 0.012
                    },
                    "size3D": {
                        "x": 4.2465,
                        "y": 2.0219,
                        "z": 1.5006
                    }
                },
                "className": "Car"
            }
        ]
    }
]