[
    {
        "instances": [
            {
                "id": "dabefc11-2fcb-48f9-959c-c78c264239aa",
                "type": "3D_BOX",
                "contour": {
                    "center3D": {
                        "x": 21.7559,
                        "y": 0.3299,
                        "z": 0.3354
                    },
                    "pointN": 209,
                    "rotation3D": {
                        "x": 0,
                        "y": 0,
                        "z": 0.012
                    },
                    "size3D": {
                        "x": 4.2465,
                        "y": 2.0219,
                        "z": 1.5006
                    }
                },
                "className": "Car"
            }
        ]
    }
]