[
    {
        "instances": [
            {
                "id": "8a40a1ab-4661-488a-b0a2-206bc4653b13",
                "type": "3D_BOX",
                "contour": {
                    "center3D": {
                        "x": 20.3714,
                        "y": 0.3133,
                        "z": 0.3373
                    },
                    "pointN": 264,
                    "rotation3D": {
                        "x": 0,
                        "y": 0,
                        "z": 0.012
                    },
                    "size3D": {
                        "x": 4.2465,
                        "y": 2.0219,
                        "z": 1.5006
                    }
                },
                "className": "Car"
            }
        ]
    }
]