[
    {
        "instances": [
            {
                "id": "83f2508e-e4d0-4d7b-9c25-fe7d69374c9c",
                "type": "3D_BOX",
                "contour": {
                    "center3D": {
                        "x": 20.513,
                        "y": 0.315,
                        "z": 0.3273
                    },
                    "pointN": 242,
                    "rotation3D": {
                        "x": 0,
                        "y": 0,
                        "z": 0.012
                    },
                    "size3D": {
                        "x": 4.2465,
                        "y": 2.0219,
                        "z": 1.5006
                    }
                },
                "className": "Car"
            }
        ]
    }
]