[
    {
        "instances": [
            {
                "id": "b4a8a893-775b-4683-bb96-324bede846b9",
                "type": "3D_BOX",
                "contour": {
                    "center3D": {
                        "x": 20.1355,
                        "y": 0.3105,
                        "z": 0.3539
                    },
                    "pointN": 247,
                    "rotation3D": {
                        "x": 0,
                        "y": 0,
                        "z": 0.012
                    },
                    "size3D": {
                        "x": 4.2465,
                        "y": 2.0219,
                        "z": 1.5006
                    }
                },
                "className": "Car"
            }
        ]
    }
]