[
    {
        "instances": [
            {
                "id": "4f66c1e6-cf93-4d40-b8b6-575400fdf024",
                "type": "3D_BOX",
                "contour": {
                    "center3D": {
                        "x": 21.5324,
                        "y": 0.3003,
                        "z": 0.3673
                    },
                    "pointN": 211,
                    "rotation3D": {
                        "x": 0,
                        "y": 0,
                        "z": 0.012
                    },
                    "size3D": {
                        "x": 4.2465,
                        "y": 2.0219,
                        "z": 1.5006
                    }
                },
                "className": "Car"
            }
        ]
    }
]