[
    {
        "instances": [
            {
                "id": "0b1a4bf6-9160-44be-ada8-1b55a6cf8fb9",
                "type": "3D_BOX",
                "contour": {
                    "center3D": {
                        "x": 20.5696,
                        "y": 0.3157,
                        "z": 0.3173
                    },
                    "pointN": 239,
                    "rotation3D": {
                        "x": 0,
                        "y": 0,
                        "z": 0.012
                    },
                    "size3D": {
                        "x": 4.2465,
                        "y": 2.0219,
                        "z": 1.5006
                    }
                },
                "className": "Car"
            }
        ]
    }
]