[
    {
        "instances": [
            {
                "id": "abb641b2-2e7c-420e-9343-d79f6829c541",
                "type": "3D_BOX",
                "contour": {
                    "center3D": {
                        "x": 21.8485,
                        "y": 0.331,
                        "z": 0.4009
                    },
                    "pointN": 233,
                    "rotation3D": {
                        "x": 0,
                        "y": 0,
                        "z": 0.012
                    },
                    "size3D": {
                        "x": 4.2465,
                        "y": 2.0219,
                        "z": 1.5006
                    }
                },
                "className": "Car"
            }
        ]
    }
]