[
    {
        "instances": [
            {
                "id": "7991efc5-94eb-42b6-917f-0f211c222193",
                "type": "3D_BOX",
                "contour": {
                    "center3D": {
                        "x": 21.6701,
                        "y": 0.3288,
                        "z": 0.256
                    },
                    "pointN": 226,
                    "rotation3D": {
                        "x": 0,
                        "y": 0,
                        "z": 0.012
                    },
                    "size3D": {
                        "x": 4.2465,
                        "y": 2.0219,
                        "z": 1.5006
                    }
                },
                "className": "Car"
            }
        ]
    }
]