[
    {
        "instances": [
            {
                "id": "a1df7758-87f2-4516-bd06-62bd34254679",
                "type": "3D_BOX",
                "contour": {
                    "center3D": {
                        "x": 21.7328,
                        "y": 0.3296,
                        "z": 0.3191
                    },
                    "pointN": 215,
                    "rotation3D": {
                        "x": 0,
                        "y": 0,
                        "z": 0.012
                    },
                    "size3D": {
                        "x": 4.2465,
                        "y": 2.0219,
                        "z": 1.5006
                    }
                },
                "className": "Car"
            }
        ]
    }
]