[
    {
        "instances": [
            {
                "id": "2c55f4a4-091d-4267-bbd0-be935dc80a98",
                "type": "3D_BOX",
                "contour": {
                    "center3D": {
                        "x": 22.287,
                        "y": 0.4132,
                        "z": 0.2947
                    },
                    "pointN": 202,
                    "rotation3D": {
                        "x": 0,
                        "y": 0,
                        "z": 0.012
                    },
                    "size3D": {
                        "x": 4.2465,
                        "y": 2.0219,
                        "z": 1.5006
                    }
                },
                "className": "Car"
            }
        ]
    }
]