[
    {
        "instances": [
            {
                "id": "da205171-a0ff-4348-af0f-270a43f1f187",
                "type": "3D_BOX",
                "contour": {
                    "center3D": {
                        "x": 21.4757,
                        "y": 0.3018,
                        "z": 0.3589
                    },
                    "pointN": 232,
                    "rotation3D": {
                        "x": 0,
                        "y": 0,
                        "z": 0.012
                    },
                    "size3D": {
                        "x": 4.2465,
                        "y": 2.0219,
                        "z": 1.5006
                    }
                },
                "className": "Car"
            }
        ]
    }
]