[
    {
        "instances": [
            {
                "id": "436d40b9-e030-437a-bc8b-91c0290c2b78",
                "type": "3D_BOX",
                "contour": {
                    "center3D": {
                        "x": 21.8295,
                        "y": 0.3105,
                        "z": 0.3723
                    },
                    "pointN": 215,
                    "rotation3D": {
                        "x": 0,
                        "y": 0,
                        "z": 0.012
                    },
                    "size3D": {
                        "x": 4.2465,
                        "y": 2.0219,
                        "z": 1.5006
                    }
                },
                "className": "Car"
            }
        ]
    }
]