[
    {
        "instances": [
            {
                "id": "b38676ec-9b7e-4e21-8d3b-2e3c2149ba4d",
                "type": "3D_BOX",
                "contour": {
                    "center3D": {
                        "x": 22.1831,
                        "y": 0.335,
                        "z": 0.1422
                    },
                    "pointN": 184,
                    "rotation3D": {
                        "x": 0,
                        "y": 0,
                        "z": 0.012
                    },
                    "size3D": {
                        "x": 4.2465,
                        "y": 2.0219,
                        "z": 1.5006
                    }
                },
                "className": "Car"
            }
        ]
    }
]