[
    {
        "instances": [
            {
                "id": "3bc5155c-4896-42bf-b997-0dfd0324f03e",
                "type": "3D_BOX",
                "contour": {
                    "center3D": {
                        "x": 21.9852,
                        "y": 0.3102,
                        "z": 0.4268
                    },
                    "pointN": 202,
                    "rotation3D": {
                        "x": 0,
                        "y": 0,
                        "z": 0.012
                    },
                    "size3D": {
                        "x": 4.2465,
                        "y": 2.0219,
                        "z": 1.5006
                    }
                },
                "className": "Car"
            }
        ]
    }
]