[
    {
        "instances": [
            {
                "id": "e952f3cd-62df-4534-9960-59373f2089fe",
                "type": "3D_BOX",
                "contour": {
                    "center3D": {
                        "x": 22.2959,
                        "y": 0.3769,
                        "z": 0.3123
                    },
                    "pointN": 220,
                    "rotation3D": {
                        "x": 0,
                        "y": 0,
                        "z": 0.012
                    },
                    "size3D": {
                        "x": 4.2465,
                        "y": 2.0219,
                        "z": 1.5006
                    }
                },
                "className": "Car"
            }
        ]
    }
]