[
    {
        "instances": [
            {
                "id": "eb1e3f71-d4e3-4384-8a7f-1aa18c8c77c6",
                "type": "3D_BOX",
                "contour": {
                    "center3D": {
                        "x": 22.1265,
                        "y": 0.3343,
                        "z": 0.2072
                    },
                    "pointN": 211,
                    "rotation3D": {
                        "x": 0,
                        "y": 0,
                        "z": 0.012
                    },
                    "size3D": {
                        "x": 4.2465,
                        "y": 2.0219,
                        "z": 1.5006
                    }
                },
                "className": "Car"
            }
        ]
    }
]