[
    {
        "instances": [
            {
                "id": "44ecfb8b-37c0-494d-9119-468d563648ca",
                "type": "3D_BOX",
                "contour": {
                    "center3D": {
                        "x": 22.0413,
                        "y": 0.3536,
                        "z": 0.4173
                    },
                    "pointN": 222,
                    "rotation3D": {
                        "x": 0,
                        "y": 0,
                        "z": 0.012
                    },
                    "size3D": {
                        "x": 4.2465,
                        "y": 2.0219,
                        "z": 1.5006
                    }
                },
                "className": "Car"
            }
        ]
    }
]