[
    {
        "instances": [
            {
                "id": "a6609994-b847-4fce-849a-709e437c9849",
                "type": "3D_BOX",
                "contour": {
                    "center3D": {
                        "x": 19.9957,
                        "y": 0.3088,
                        "z": 0.3736
                    },
                    "pointN": 254,
                    "rotation3D": {
                        "x": 0,
                        "y": 0,
                        "z": 0.012
                    },
                    "size3D": {
                        "x": 4.2465,
                        "y": 2.0219,
                        "z": 1.5006
                    }
                },
                "className": "Car"
            }
        ]
    }
]