[
    {
        "instances": [
            {
                "id": "6412b78a-18ea-4bcf-8075-c0a6b37f41e7",
                "type": "3D_BOX",
                "contour": {
                    "center3D": {
                        "x": 22.2531,
                        "y": 0.3966,
                        "z": 0.4044
                    },
                    "pointN": 248,
                    "rotation3D": {
                        "x": 0,
                        "y": 0,
                        "z": 0.012
                    },
                    "size3D": {
                        "x": 4.2465,
                        "y": 2.0219,
                        "z": 1.5006
                    }
                },
                "className": "Car"
            }
        ]
    }
]