[
    {
        "instances": [
            {
                "id": "9897b58a-68f5-4f4a-8f5b-1e8345a1f70e",
                "type": "3D_BOX",
                "contour": {
                    "center3D": {
                        "x": 21.7585,
                        "y": 0.3299,
                        "z": 0.3073
                    },
                    "pointN": 216,
                    "rotation3D": {
                        "x": 0,
                        "y": 0,
                        "z": 0.012
                    },
                    "size3D": {
                        "x": 4.2465,
                        "y": 2.0219,
                        "z": 1.5006
                    }
                },
                "className": "Car"
            }
        ]
    }
]