[
    {
        "instances": [
            {
                "id": "fbdfde34-dffc-4d33-8abc-e9ac5852e78a",
                "type": "3D_BOX",
                "contour": {
                    "center3D": {
                        "x": 21.6594,
                        "y": 0.3287,
                        "z": 0.2522
                    },
                    "pointN": 222,
                    "rotation3D": {
                        "x": 0,
                        "y": 0,
                        "z": 0.012
                    },
                    "size3D": {
                        "x": 4.2465,
                        "y": 2.0219,
                        "z": 1.5006
                    }
                },
                "className": "Car"
            }
        ]
    }
]