[
    {
        "instances": [
            {
                "id": "2d2c715a-b0ca-4820-8ca9-22426d69d6e3",
                "type": "3D_BOX",
                "contour": {
                    "center3D": {
                        "x": 20.4658,
                        "y": 0.3144,
                        "z": 0.3306
                    },
                    "pointN": 272,
                    "rotation3D": {
                        "x": 0,
                        "y": 0,
                        "z": 0.012
                    },
                    "size3D": {
                        "x": 4.2465,
                        "y": 2.0219,
                        "z": 1.5006
                    }
                },
                "className": "Car"
            }
        ]
    }
]