[
    {
        "instances": [
            {
                "id": "082f8d75-98a8-41fc-83f6-e1c5857b332a",
                "type": "3D_BOX",
                "contour": {
                    "center3D": {
                        "x": 20.966,
                        "y": 0.316,
                        "z": 0.2839
                    },
                    "pointN": 231,
                    "rotation3D": {
                        "x": 0,
                        "y": 0,
                        "z": 0.012
                    },
                    "size3D": {
                        "x": 4.2465,
                        "y": 2.0219,
                        "z": 1.5006
                    }
                },
                "className": "Car"
            }
        ]
    }
]