[
    {
        "instances": [
            {
                "id": "2e62f2a7-3444-42cc-ba43-c79804639699",
                "type": "3D_BOX",
                "contour": {
                    "center3D": {
                        "x": 19.9648,
                        "y": 0.3084,
                        "z": 0.3791
                    },
                    "pointN": 245,
                    "rotation3D": {
                        "x": 0,
                        "y": 0,
                        "z": 0.012
                    },
                    "size3D": {
                        "x": 4.2465,
                        "y": 2.0219,
                        "z": 1.5006
                    }
                },
                "className": "Car"
            }
        ]
    }
]