[
    {
        "instances": [
            {
                "id": "e01c6396-7001-4cd8-9045-86237e171689",
                "type": "3D_BOX",
                "contour": {
                    "center3D": {
                        "x": 21.3624,
                        "y": 0.305,
                        "z": 0.3423
                    },
                    "pointN": 229,
                    "rotation3D": {
                        "x": 0,
                        "y": 0,
                        "z": 0.012
                    },
                    "size3D": {
                        "x": 4.2465,
                        "y": 2.0219,
                        "z": 1.5006
                    }
                },
                "className": "Car"
            }
        ]
    }
]