[
    {
        "instances": [
            {
                "id": "4c9362d3-6c65-4908-9680-733c9df075e6",
                "type": "3D_BOX",
                "contour": {
                    "center3D": {
                        "x": 21.6807,
                        "y": 0.3289,
                        "z": 0.2597
                    },
                    "pointN": 247,
                    "rotation3D": {
                        "x": 0,
                        "y": 0,
                        "z": 0.012
                    },
                    "size3D": {
                        "x": 4.2465,
                        "y": 2.0219,
                        "z": 1.5006
                    }
                },
                "className": "Car"
            }
        ]
    }
]