[
    {
        "instances": [
            {
                "id": "0a81ebd8-93be-464f-9fbe-df80965fb83f",
                "type": "3D_BOX",
                "contour": {
                    "center3D": {
                        "x": 21.9287,
                        "y": 0.3005,
                        "z": 0.4221
                    },
                    "pointN": 217,
                    "rotation3D": {
                        "x": 0,
                        "y": 0,
                        "z": 0.012
                    },
                    "size3D": {
                        "x": 4.2465,
                        "y": 2.0219,
                        "z": 1.5006
                    }
                },
                "className": "Car"
            }
        ]
    }
]