[
    {
        "instances": [
            {
                "id": "0126178b-c7ae-4b67-9cfd-d2684dad93d8",
                "type": "3D_BOX",
                "contour": {
                    "center3D": {
                        "x": 21.9004,
                        "y": 0.2957,
                        "z": 0.4197
                    },
                    "pointN": 218,
                    "rotation3D": {
                        "x": 0,
                        "y": 0,
                        "z": 0.012
                    },
                    "size3D": {
                        "x": 4.2465,
                        "y": 2.0219,
                        "z": 1.5006
                    }
                },
                "className": "Car"
            }
        ]
    }
]