[
    {
        "instances": [
            {
                "id": "0b08b38b-5360-4d9f-8901-0a4004be699f",
                "type": "3D_BOX",
                "contour": {
                    "center3D": {
                        "x": 22.1544,
                        "y": 0.3684,
                        "z": 0.4173
                    },
                    "pointN": 239,
                    "rotation3D": {
                        "x": 0,
                        "y": 0,
                        "z": 0.012
                    },
                    "size3D": {
                        "x": 4.2465,
                        "y": 2.0219,
                        "z": 1.5006
                    }
                },
                "className": "Car"
            }
        ]
    }
]