[
    {
        "instances": [
            {
                "id": "364bb834-21c2-4020-ad18-493012f086ea",
                "type": "3D_BOX",
                "contour": {
                    "center3D": {
                        "x": 21.8722,
                        "y": 0.2908,
                        "z": 0.4173
                    },
                    "pointN": 235,
                    "rotation3D": {
                        "x": 0,
                        "y": 0,
                        "z": 0.012
                    },
                    "size3D": {
                        "x": 4.2465,
                        "y": 2.0219,
                        "z": 1.5006
                    }
                },
                "className": "Car"
            }
        ]
    }
]