[
    {
        "instances": [
            {
                "id": "77f81082-bfb4-4f29-8130-be386fd99622",
                "type": "3D_BOX",
                "contour": {
                    "center3D": {
                        "x": 21.9848,
                        "y": 0.3461,
                        "z": 0.4173
                    },
                    "pointN": 235,
                    "rotation3D": {
                        "x": 0,
                        "y": 0,
                        "z": 0.012
                    },
                    "size3D": {
                        "x": 4.2465,
                        "y": 2.0219,
                        "z": 1.5006
                    }
                },
                "className": "Car"
            }
        ]
    }
]