[
    {
        "instances": [
            {
                "id": "7ec7092a-f532-4ca8-9a3a-a43d5dc484d5",
                "type": "3D_BOX",
                "contour": {
                    "center3D": {
                        "x": 20.3242,
                        "y": 0.3127,
                        "z": 0.3406
                    },
                    "pointN": 272,
                    "rotation3D": {
                        "x": 0,
                        "y": 0,
                        "z": 0.012
                    },
                    "size3D": {
                        "x": 4.2465,
                        "y": 2.0219,
                        "z": 1.5006
                    }
                },
                "className": "Car"
            }
        ]
    }
]