[
    {
        "instances": [
            {
                "id": "091b136c-fd28-4782-a820-af556f4d645c",
                "type": "3D_BOX",
                "contour": {
                    "center3D": {
                        "x": 21.7096,
                        "y": 0.3293,
                        "z": 0.3027
                    },
                    "pointN": 258,
                    "rotation3D": {
                        "x": 0,
                        "y": 0,
                        "z": 0.012
                    },
                    "size3D": {
                        "x": 4.2465,
                        "y": 2.0219,
                        "z": 1.5006
                    }
                },
                "className": "Car"
            }
        ]
    }
]