[
    {
        "instances": [
            {
                "id": "9f4d9dea-02a2-4e72-83b7-3113ed4a7d79",
                "type": "3D_BOX",
                "contour": {
                    "center3D": {
                        "x": 21.8022,
                        "y": 0.3305,
                        "z": 0.3682
                    },
                    "pointN": 224,
                    "rotation3D": {
                        "x": 0,
                        "y": 0,
                        "z": 0.012
                    },
                    "size3D": {
                        "x": 4.2465,
                        "y": 2.0219,
                        "z": 1.5006
                    }
                },
                "className": "Car"
            }
        ]
    }
]