[
    {
        "instances": [
            {
                "id": "40613680-7acf-441a-b801-21d2cc961163",
                "type": "3D_BOX",
                "contour": {
                    "center3D": {
                        "x": 21.8153,
                        "y": 0.3171,
                        "z": 0.3573
                    },
                    "pointN": 206,
                    "rotation3D": {
                        "x": 0,
                        "y": 0,
                        "z": 0.012
                    },
                    "size3D": {
                        "x": 4.2465,
                        "y": 2.0219,
                        "z": 1.5006
                    }
                },
                "className": "Car"
            }
        ]
    }
]