[
    {
        "instances": [
            {
                "id": "803a0e22-2bbd-4ada-b77a-94f703508b37",
                "type": "3D_BOX",
                "contour": {
                    "center3D": {
                        "x": 21.6865,
                        "y": 0.329,
                        "z": 0.2863
                    },
                    "pointN": 263,
                    "rotation3D": {
                        "x": 0,
                        "y": 0,
                        "z": 0.012
                    },
                    "size3D": {
                        "x": 4.2465,
                        "y": 2.0219,
                        "z": 1.5006
                    }
                },
                "className": "Car"
            }
        ]
    }
]