[
    {
        "instances": [
            {
                "id": "20119e33-b290-4e0e-9bca-e36b64185f04",
                "type": "3D_BOX",
                "contour": {
                    "center3D": {
                        "x": 20.7961,
                        "y": 0.3184,
                        "z": 0.2772
                    },
                    "pointN": 230,
                    "rotation3D": {
                        "x": 0,
                        "y": 0,
                        "z": 0.012
                    },
                    "size3D": {
                        "x": 4.2465,
                        "y": 2.0219,
                        "z": 1.5006
                    }
                },
                "className": "Car"
            }
        ]
    }
]