[
    {
        "instances": [
            {
                "id": "1958859f-5bcc-4423-a6cb-d58efaa6b6ed",
                "type": "3D_BOX",
                "contour": {
                    "center3D": {
                        "x": 22.2785,
                        "y": 0.409,
                        "z": 0.3221
                    },
                    "pointN": 206,
                    "rotation3D": {
                        "x": 0,
                        "y": 0,
                        "z": 0.012
                    },
                    "size3D": {
                        "x": 4.2465,
                        "y": 2.0219,
                        "z": 1.5006
                    }
                },
                "className": "Car"
            }
        ]
    }
]