[
    {
        "instances": [
            {
                "id": "07fd04e0-65de-4eaf-b3b9-5928855134e8",
                "type": "3D_BOX",
                "contour": {
                    "center3D": {
                        "x": 21.7019,
                        "y": 0.3292,
                        "z": 0.2672
                    },
                    "pointN": 224,
                    "rotation3D": {
                        "x": 0,
                        "y": 0,
                        "z": 0.012
                    },
                    "size3D": {
                        "x": 4.2465,
                        "y": 2.0219,
                        "z": 1.5006
                    }
                },
                "className": "Car"
            }
        ]
    }
]