[
    {
        "instances": [
            {
                "id": "1b4587a6-16bf-4820-9228-f92028a7c483",
                "type": "3D_BOX",
                "contour": {
                    "center3D": {
                        "x": 22.2701,
                        "y": 0.4049,
                        "z": 0.3496
                    },
                    "pointN": 222,
                    "rotation3D": {
                        "x": 0,
                        "y": 0,
                        "z": 0.012
                    },
                    "size3D": {
                        "x": 4.2465,
                        "y": 2.0219,
                        "z": 1.5006
                    }
                },
                "className": "Car"
            }
        ]
    }
]