[
    {
        "instances": [
            {
                "id": "ed05b663-4940-4987-a4e9-c8dfc81b95c0",
                "type": "3D_BOX",
                "contour": {
                    "center3D": {
                        "x": 22.0417,
                        "y": 0.3198,
                        "z": 0.4316
                    },
                    "pointN": 223,
                    "rotation3D": {
                        "x": 0,
                        "y": 0,
                        "z": 0.012
                    },
                    "size3D": {
                        "x": 4.2465,
                        "y": 2.0219,
                        "z": 1.5006
                    }
                },
                "className": "Car"
            }
        ]
    }
]