[
    {
        "instances": [
            {
                "id": "bfc81d20-532f-4b9d-89ec-94871407afc5",
                "type": "3D_BOX",
                "contour": {
                    "center3D": {
                        "x": 20.2299,
                        "y": 0.3116,
                        "z": 0.3473
                    },
                    "pointN": 252,
                    "rotation3D": {
                        "x": 0,
                        "y": 0,
                        "z": 0.012
                    },
                    "size3D": {
                        "x": 4.2465,
                        "y": 2.0219,
                        "z": 1.5006
                    }
                },
                "className": "Car"
            }
        ]
    }
]