[
    {
        "instances": [
            {
                "id": "57ecdc64-3719-463a-9270-8c7b2402cd84",
                "type": "3D_BOX",
                "contour": {
                    "center3D": {
                        "x": 22.2616,
                        "y": 0.4007,
                        "z": 0.377
                    },
                    "pointN": 227,
                    "rotation3D": {
                        "x": 0,
                        "y": 0,
                        "z": 0.012
                    },
                    "size3D": {
                        "x": 4.2465,
                        "y": 2.0219,
                        "z": 1.5006
                    }
                },
                "className": "Car"
            }
        ]
    }
]