[
    {
        "instances": [
            {
                "id": "7ef6d25b-8743-4aef-9149-bcd5ba9d5e70",
                "type": "3D_BOX",
                "contour": {
                    "center3D": {
                        "x": 20.8527,
                        "y": 0.3191,
                        "z": 0.2672
                    },
                    "pointN": 236,
                    "rotation3D": {
                        "x": 0,
                        "y": 0,
                        "z": 0.012
                    },
                    "size3D": {
                        "x": 4.2465,
                        "y": 2.0219,
                        "z": 1.5006
                    }
                },
                "className": "Car"
            }
        ]
    }
]