[
    {
        "instances": [
            {
                "id": "8ac2c69b-56da-4643-a917-57998ad5b855",
                "type": "3D_BOX",
                "contour": {
                    "center3D": {
                        "x": 21.617,
                        "y": 0.3282,
                        "z": 0.2372
                    },
                    "pointN": 225,
                    "rotation3D": {
                        "x": 0,
                        "y": 0,
                        "z": 0.012
                    },
                    "size3D": {
                        "x": 4.2465,
                        "y": 2.0219,
                        "z": 1.5006
                    }
                },
                "className": "Car"
            }
        ]
    }
]