[
    {
        "instances": [
            {
                "id": "c115c6ea-8faa-461e-a224-6a4d0842872a",
                "type": "3D_BOX",
                "contour": {
                    "center3D": {
                        "x": 21.7791,
                        "y": 0.3302,
                        "z": 0.3518
                    },
                    "pointN": 212,
                    "rotation3D": {
                        "x": 0,
                        "y": 0,
                        "z": 0.012
                    },
                    "size3D": {
                        "x": 4.2465,
                        "y": 2.0219,
                        "z": 1.5006
                    }
                },
                "className": "Car"
            }
        ]
    }
]