[
    {
        "instances": [
            {
                "id": "69e6e45f-63d0-4710-8040-5982026f0437",
                "type": "3D_BOX",
                "contour": {
                    "center3D": {
                        "x": 22.2964,
                        "y": 0.3364,
                        "z": 0.3173
                    },
                    "pointN": 208,
                    "rotation3D": {
                        "x": 0,
                        "y": 0,
                        "z": 0.012
                    },
                    "size3D": {
                        "x": 4.2465,
                        "y": 2.0219,
                        "z": 1.5006
                    }
                },
                "className": "Car"
            }
        ]
    }
]