[
    {
        "instances": [
            {
                "id": "a8cdc923-c52a-4401-8883-879dbb467008",
                "type": "3D_BOX",
                "contour": {
                    "center3D": {
                        "x": 22.2114,
                        "y": 0.3354,
                        "z": 0.1772
                    },
                    "pointN": 180,
                    "rotation3D": {
                        "x": 0,
                        "y": 0,
                        "z": 0.012
                    },
                    "size3D": {
                        "x": 4.2465,
                        "y": 2.0219,
                        "z": 1.5006
                    }
                },
                "className": "Car"
            }
        ]
    }
]