[
    {
        "instances": [
            {
                "id": "137df977-e0f0-4f82-a730-f365d1a4fe0e",
                "type": "3D_BOX",
                "contour": {
                    "center3D": {
                        "x": 20.6262,
                        "y": 0.3164,
                        "z": 0.3073
                    },
                    "pointN": 244,
                    "rotation3D": {
                        "x": 0,
                        "y": 0,
                        "z": 0.012
                    },
                    "size3D": {
                        "x": 4.2465,
                        "y": 2.0219,
                        "z": 1.5006
                    }
                },
                "className": "Car"
            }
        ]
    }
]