[
    {
        "instances": [
            {
                "id": "275b940c-e6d1-45aa-9d5e-5fbc763ea3a7",
                "type": "3D_BOX",
                "contour": {
                    "center3D": {
                        "x": 20.0574,
                        "y": 0.3095,
                        "z": 0.3627
                    },
                    "pointN": 252,
                    "rotation3D": {
                        "x": 0,
                        "y": 0,
                        "z": 0.012
                    },
                    "size3D": {
                        "x": 4.2465,
                        "y": 2.0219,
                        "z": 1.5006
                    }
                },
                "className": "Car"
            }
        ]
    }
]