[
    {
        "instances": [
            {
                "id": "e10297d8-0bb6-487c-8936-846e505138db",
                "type": "3D_BOX",
                "contour": {
                    "center3D": {
                        "x": 21.858,
                        "y": 0.2974,
                        "z": 0.4023
                    },
                    "pointN": 239,
                    "rotation3D": {
                        "x": 0,
                        "y": 0,
                        "z": 0.012
                    },
                    "size3D": {
                        "x": 4.2465,
                        "y": 2.0219,
                        "z": 1.5006
                    }
                },
                "className": "Car"
            }
        ]
    }
]