[
    {
        "instances": [
            {
                "id": "70f4cbbb-787e-4996-9495-fefec22f2be3",
                "type": "3D_BOX",
                "contour": {
                    "center3D": {
                        "x": 22.2964,
                        "y": 0.3364,
                        "z": 0.3573
                    },
                    "pointN": 217,
                    "rotation3D": {
                        "x": 0,
                        "y": 0,
                        "z": 0.012
                    },
                    "size3D": {
                        "x": 4.2465,
                        "y": 2.0219,
                        "z": 1.5006
                    }
                },
                "className": "Car"
            }
        ]
    }
]