[
    {
        "instances": [
            {
                "id": "ed68c911-d0a9-427d-b16b-cb035c0cac62",
                "type": "3D_BOX",
                "contour": {
                    "center3D": {
                        "x": 22.2964,
                        "y": 0.3364,
                        "z": 0.1872
                    },
                    "pointN": 199,
                    "rotation3D": {
                        "x": 0,
                        "y": 0,
                        "z": 0.012
                    },
                    "size3D": {
                        "x": 4.2465,
                        "y": 2.0219,
                        "z": 1.5006
                    }
                },
                "className": "Car"
            }
        ]
    }
]