[
    {
        "instances": [
            {
                "id": "75ba2914-3d50-4a51-868c-4c3b333c97de",
                "type": "3D_BOX",
                "contour": {
                    "center3D": {
                        "x": 22.2964,
                        "y": 0.3364,
                        "z": 0.0572
                    },
                    "pointN": 183,
                    "rotation3D": {
                        "x": 0,
                        "y": 0,
                        "z": 0.012
                    },
                    "size3D": {
                        "x": 4.2465,
                        "y": 2.0219,
                        "z": 1.5006
                    }
                },
                "className": "Car"
            }
        ]
    }
]