[
    {
        "instances": [
            {
                "id": "2464ef02-d70f-40cd-8970-884ac335929d",
                "type": "3D_BOX",
                "contour": {
                    "center3D": {
                        "x": 21.9282,
                        "y": 0.3387,
                        "z": 0.4173
                    },
                    "pointN": 224,
                    "rotation3D": {
                        "x": 0,
                        "y": 0,
                        "z": 0.012
                    },
                    "size3D": {
                        "x": 4.2465,
                        "y": 2.0219,
                        "z": 1.5006
                    }
                },
                "className": "Car"
            }
        ]
    }
]