[
    {
        "instances": [
            {
                "id": "5c815ae7-06b6-4be4-a495-eafe91eacf5e",
                "type": "3D_BOX",
                "contour": {
                    "center3D": {
                        "x": 21.8717,
                        "y": 0.3313,
                        "z": 0.4173
                    },
                    "pointN": 234,
                    "rotation3D": {
                        "x": 0,
                        "y": 0,
                        "z": 0.012
                    },
                    "size3D": {
                        "x": 4.2465,
                        "y": 2.0219,
                        "z": 1.5006
                    }
                },
                "className": "Car"
            }
        ]
    }
]