[
    {
        "instances": [
            {
                "id": "f1bf2318-af0a-44fb-912d-461692204fb1",
                "type": "3D_BOX",
                "contour": {
                    "center3D": {
                        "x": 21.6456,
                        "y": 0.2971,
                        "z": 0.384
                    },
                    "pointN": 218,
                    "rotation3D": {
                        "x": 0,
                        "y": 0,
                        "z": 0.012
                    },
                    "size3D": {
                        "x": 4.2465,
                        "y": 2.0219,
                        "z": 1.5006
                    }
                },
                "className": "Car"
            }
        ]
    }
]