[
    {
        "instances": [
            {
                "id": "75d8f203-49fd-4eb7-85d7-5701e570c52c",
                "type": "3D_BOX",
                "contour": {
                    "center3D": {
                        "x": 22.2109,
                        "y": 0.3758,
                        "z": 0.4173
                    },
                    "pointN": 232,
                    "rotation3D": {
                        "x": 0,
                        "y": 0,
                        "z": 0.012
                    },
                    "size3D": {
                        "x": 4.2465,
                        "y": 2.0219,
                        "z": 1.5006
                    }
                },
                "className": "Car"
            }
        ]
    }
]