[
    {
        "instances": [
            {
                "id": "d9910c0b-4b8e-4abe-9118-ddbd980e6e6d",
                "type": "3D_BOX",
                "contour": {
                    "center3D": {
                        "x": 21.6488,
                        "y": 0.3286,
                        "z": 0.2485
                    },
                    "pointN": 203,
                    "rotation3D": {
                        "x": 0,
                        "y": 0,
                        "z": 0.012
                    },
                    "size3D": {
                        "x": 4.2465,
                        "y": 2.0219,
                        "z": 1.5006
                    }
                },
                "className": "Car"
            }
        ]
    }
]