[
    {
        "instances": [
            {
                "id": "7218caae-a824-411a-8437-3cac543a4137",
                "type": "3D_BOX",
                "contour": {
                    "center3D": {
                        "x": 22.2193,
                        "y": 0.38,
                        "z": 0.4313
                    },
                    "pointN": 233,
                    "rotation3D": {
                        "x": 0,
                        "y": 0,
                        "z": 0.012
                    },
                    "size3D": {
                        "x": 4.2465,
                        "y": 2.0219,
                        "z": 1.5006
                    }
                },
                "className": "Car"
            }
        ]
    }
]