[
    {
        "instances": [
            {
                "id": "d3b48d8f-fa1d-4a63-9ed1-b0fa8fcf491d",
                "type": "3D_BOX",
                "contour": {
                    "center3D": {
                        "x": 22.0982,
                        "y": 0.3295,
                        "z": 0.3206
                    },
                    "pointN": 227,
                    "rotation3D": {
                        "x": 0,
                        "y": 0,
                        "z": 0.012
                    },
                    "size3D": {
                        "x": 4.2465,
                        "y": 2.0219,
                        "z": 1.5006
                    }
                },
                "className": "Car"
            }
        ]
    }
]