[
    {
        "instances": [
            {
                "id": "e8817b8d-b93b-43f6-a355-2d7c6c5e4fcc",
                "type": "3D_BOX",
                "contour": {
                    "center3D": {
                        "x": 21.6633,
                        "y": 0.3288,
                        "z": 0.27
                    },
                    "pointN": 251,
                    "rotation3D": {
                        "x": 0,
                        "y": 0,
                        "z": 0.012
                    },
                    "size3D": {
                        "x": 4.2465,
                        "y": 2.0219,
                        "z": 1.5006
                    }
                },
                "className": "Car"
            }
        ]
    }
]