[
    {
        "instances": [
            {
                "id": "eca43701-80aa-4303-94d5-7cff7f5ebbe0",
                "type": "3D_BOX",
                "contour": {
                    "center3D": {
                        "x": 21.8155,
                        "y": 0.2924,
                        "z": 0.409
                    },
                    "pointN": 213,
                    "rotation3D": {
                        "x": 0,
                        "y": 0,
                        "z": 0.012
                    },
                    "size3D": {
                        "x": 4.2465,
                        "y": 2.0219,
                        "z": 1.5006
                    }
                },
                "className": "Car"
            }
        ]
    }
]