[
    {
        "instances": [
            {
                "id": "42484e45-be06-4bc4-ad10-60b8ac2a3555",
                "type": "3D_BOX",
                "contour": {
                    "center3D": {
                        "x": 21.3058,
                        "y": 0.3066,
                        "z": 0.3339
                    },
                    "pointN": 229,
                    "rotation3D": {
                        "x": 0,
                        "y": 0,
                        "z": 0.012
                    },
                    "size3D": {
                        "x": 4.2465,
                        "y": 2.0219,
                        "z": 1.5006
                    }
                },
                "className": "Car"
            }
        ]
    }
]