[
    {
        "instances": [
            {
                "id": "74ab5af5-5c12-48ee-85f0-f341f9c971dd",
                "type": "3D_BOX",
                "contour": {
                    "center3D": {
                        "x": 21.6913,
                        "y": 0.3291,
                        "z": 0.2635
                    },
                    "pointN": 233,
                    "rotation3D": {
                        "x": 0,
                        "y": 0,
                        "z": 0.012
                    },
                    "size3D": {
                        "x": 4.2465,
                        "y": 2.0219,
                        "z": 1.5006
                    }
                },
                "className": "Car"
            }
        ]
    }
]