[
    {
        "instances": [
            {
                "id": "19a4c96b-02f5-4232-ac22-00012ae600b0",
                "type": "3D_BOX",
                "contour": {
                    "center3D": {
                        "x": 21.7589,
                        "y": 0.294,
                        "z": 0.4006
                    },
                    "pointN": 224,
                    "rotation3D": {
                        "x": 0,
                        "y": 0,
                        "z": 0.012
                    },
                    "size3D": {
                        "x": 4.2465,
                        "y": 2.0219,
                        "z": 1.5006
                    }
                },
                "className": "Car"
            }
        ]
    }
]