[
    {
        "instances": [
            {
                "id": "99c4b2be-0c0b-4c05-b653-8def1cde8822",
                "type": "3D_BOX",
                "contour": {
                    "center3D": {
                        "x": 21.4191,
                        "y": 0.3034,
                        "z": 0.3506
                    },
                    "pointN": 225,
                    "rotation3D": {
                        "x": 0,
                        "y": 0,
                        "z": 0.012
                    },
                    "size3D": {
                        "x": 4.2465,
                        "y": 2.0219,
                        "z": 1.5006
                    }
                },
                "className": "Car"
            }
        ]
    }
]