[
    {
        "instances": [
            {
                "id": "d6cd967f-aec0-4d81-85fa-cba05acb1eab",
                "type": "3D_BOX",
                "contour": {
                    "center3D": {
                        "x": 21.1359,
                        "y": 0.3113,
                        "z": 0.3089
                    },
                    "pointN": 267,
                    "rotation3D": {
                        "x": 0,
                        "y": 0,
                        "z": 0.012
                    },
                    "size3D": {
                        "x": 4.2465,
                        "y": 2.0219,
                        "z": 1.5006
                    }
                },
                "className": "Car"
            }
        ]
    }
]