[
    {
        "instances": [
            {
                "id": "64e15d38-b5ef-4614-b9b3-afc9eea8efc0",
                "type": "3D_BOX",
                "contour": {
                    "center3D": {
                        "x": 21.7023,
                        "y": 0.2956,
                        "z": 0.3923
                    },
                    "pointN": 225,
                    "rotation3D": {
                        "x": 0,
                        "y": 0,
                        "z": 0.012
                    },
                    "size3D": {
                        "x": 4.2465,
                        "y": 2.0219,
                        "z": 1.5006
                    }
                },
                "className": "Car"
            }
        ]
    }
]