[
    {
        "instances": [
            {
                "id": "98826f0d-21c3-4ce7-827a-1ec9bef060a3",
                "type": "3D_BOX",
                "contour": {
                    "center3D": {
                        "x": 21.589,
                        "y": 0.2987,
                        "z": 0.3756
                    },
                    "pointN": 225,
                    "rotation3D": {
                        "x": 0,
                        "y": 0,
                        "z": 0.012
                    },
                    "size3D": {
                        "x": 4.2465,
                        "y": 2.0219,
                        "z": 1.5006
                    }
                },
                "className": "Car"
            }
        ]
    }
]