[
    {
        "instances": [
            {
                "id": "005047f2-9205-418f-acef-31410018c7c2",
                "type": "3D_BOX",
                "contour": {
                    "center3D": {
                        "x": 21.0793,
                        "y": 0.3128,
                        "z": 0.3006
                    },
                    "pointN": 233,
                    "rotation3D": {
                        "x": 0,
                        "y": 0,
                        "z": 0.012
                    },
                    "size3D": {
                        "x": 4.2465,
                        "y": 2.0219,
                        "z": 1.5006
                    }
                },
                "className": "Car"
            }
        ]
    }
]