[
    {
        "instances": [
            {
                "id": "35681b33-55cd-446b-b40a-3cc68dee36d1",
                "type": "3D_BOX",
                "contour": {
                    "center3D": {
                        "x": 22.2447,
                        "y": 0.3924,
                        "z": 0.4319
                    },
                    "pointN": 246,
                    "rotation3D": {
                        "x": 0,
                        "y": 0,
                        "z": 0.012
                    },
                    "size3D": {
                        "x": 4.2465,
                        "y": 2.0219,
                        "z": 1.5006
                    }
                },
                "className": "Car"
            }
        ]
    }
]