[
    {
        "instances": [
            {
                "id": "708e4ff7-c9d5-41fe-8162-e8807a0e69e9",
                "type": "3D_BOX",
                "contour": {
                    "center3D": {
                        "x": 22.2362,
                        "y": 0.3883,
                        "z": 0.4593
                    },
                    "pointN": 229,
                    "rotation3D": {
                        "x": 0,
                        "y": 0,
                        "z": 0.012
                    },
                    "size3D": {
                        "x": 4.2465,
                        "y": 2.0219,
                        "z": 1.5006
                    }
                },
                "className": "Car"
            }
        ]
    }
]