[
    {
        "instances": [
            {
                "id": "4d5726a6-d51f-4e18-aa8f-0fe33804070b",
                "type": "3D_BOX",
                "contour": {
                    "center3D": {
                        "x": 21.7868,
                        "y": 0.3303,
                        "z": 0.3273
                    },
                    "pointN": 223,
                    "rotation3D": {
                        "x": 0,
                        "y": 0,
                        "z": 0.012
                    },
                    "size3D": {
                        "x": 4.2465,
                        "y": 2.0219,
                        "z": 1.5006
                    }
                },
                "className": "Car"
            }
        ]
    }
]