[
    {
        "instances": [
            {
                "id": "59801e26-5b1f-4a98-a510-75bbd5502868",
                "type": "3D_BOX",
                "contour": {
                    "center3D": {
                        "x": 21.8254,
                        "y": 0.3307,
                        "z": 0.3846
                    },
                    "pointN": 224,
                    "rotation3D": {
                        "x": 0,
                        "y": 0,
                        "z": 0.012
                    },
                    "size3D": {
                        "x": 4.2465,
                        "y": 2.0219,
                        "z": 1.5006
                    }
                },
                "className": "Car"
            }
        ]
    }
]