[
    {
        "instances": [
            {
                "id": "2752f12e-23fc-4cb4-9e1c-4fd96df7bc91",
                "type": "3D_BOX",
                "contour": {
                    "center3D": {
                        "x": 22.0978,
                        "y": 0.361,
                        "z": 0.4173
                    },
                    "pointN": 224,
                    "rotation3D": {
                        "x": 0,
                        "y": 0,
                        "z": 0.012
                    },
                    "size3D": {
                        "x": 4.2465,
                        "y": 2.0219,
                        "z": 1.5006
                    }
                },
                "className": "Car"
            }
        ]
    }
]