[
    {
        "instances": [
            {
                "id": "3fc2194d-6e28-448c-92d7-a22dbbb08379",
                "type": "3D_BOX",
                "contour": {
                    "center3D": {
                        "x": 20.0265,
                        "y": 0.3092,
                        "z": 0.3682
                    },
                    "pointN": 256,
                    "rotation3D": {
                        "x": 0,
                        "y": 0,
                        "z": 0.012
                    },
                    "size3D": {
                        "x": 4.2465,
                        "y": 2.0219,
                        "z": 1.5006
                    }
                },
                "className": "Car"
            }
        ]
    }
]