[
    {
        "instances": [
            {
                "id": "8488f22c-018f-40bd-9c8d-5b92a9ed102d",
                "type": "3D_BOX",
                "contour": {
                    "center3D": {
                        "x": 20.6829,
                        "y": 0.317,
                        "z": 0.2973
                    },
                    "pointN": 243,
                    "rotation3D": {
                        "x": 0,
                        "y": 0,
                        "z": 0.012
                    },
                    "size3D": {
                        "x": 4.2465,
                        "y": 2.0219,
                        "z": 1.5006
                    }
                },
                "className": "Car"
            }
        ]
    }
]