[
    {
        "instances": [
            {
                "id": "7ac30a77-31f3-45b2-aead-6f9960ba6777",
                "type": "3D_BOX",
                "contour": {
                    "center3D": {
                        "x": 20.9093,
                        "y": 0.3175,
                        "z": 0.2756
                    },
                    "pointN": 234,
                    "rotation3D": {
                        "x": 0,
                        "y": 0,
                        "z": 0.012
                    },
                    "size3D": {
                        "x": 4.2465,
                        "y": 2.0219,
                        "z": 1.5006
                    }
                },
                "className": "Car"
            }
        ]
    }
]