[
    {
        "instances": [
            {
                "id": "8187e126-14a9-4d48-b36e-9847e7b56023",
                "type": "3D_BOX",
                "contour": {
                    "center3D": {
                        "x": 19.8649,
                        "y": 0.2704,
                        "z": 0.4173
                    },
                    "pointN": 291,
                    "rotation3D": {
                        "x": 0,
                        "y": 0,
                        "z": 0.012
                    },
                    "size3D": {
                        "x": 4.2465,
                        "y": 2.0219,
                        "z": 1.5006
                    }
                },
                "className": "Car"
            }
        ]
    }
]