[
    {
        "instances": [
            {
                "id": "61d9e596-ee21-41de-8bc1-3bc690d260b9",
                "type": "3D_BOX",
                "contour": {
                    "center3D": {
                        "x": 19.8104,
                        "y": 0.3065,
                        "z": 0.4064
                    },
                    "pointN": 283,
                    "rotation3D": {
                        "x": 0,
                        "y": 0,
                        "z": 0.012
                    },
                    "size3D": {
                        "x": 4.2465,
                        "y": 2.0219,
                        "z": 1.5006
                    }
                },
                "className": "Car"
            }
        ]
    }
]