[
    {
        "instances": [
            {
                "id": "613f5141-dcc3-43fc-90ba-c9bcf474daf3",
                "type": "3D_BOX",
                "contour": {
                    "center3D": {
                        "x": 19.7486,
                        "y": 0.3058,
                        "z": 0.4173
                    },
                    "pointN": 282,
                    "rotation3D": {
                        "x": 0,
                        "y": 0,
                        "z": 0.012
                    },
                    "size3D": {
                        "x": 4.2465,
                        "y": 2.0219,
                        "z": 1.5006
                    }
                },
                "className": "Car"
            }
        ]
    }
]