[
    {
        "instances": [
            {
                "id": "edfde090-506d-4c41-aaa1-5c4fb911ce93",
                "type": "3D_BOX",
                "contour": {
                    "center3D": {
                        "x": 20.6833,
                        "y": 0.2766,
                        "z": 0.4773
                    },
                    "pointN": 265,
                    "rotation3D": {
                        "x": 0,
                        "y": 0,
                        "z": 0.012
                    },
                    "size3D": {
                        "x": 4.2465,
                        "y": 2.0219,
                        "z": 1.5006
                    }
                },
                "className": "Car"
            }
        ]
    }
]