[
    {
        "instances": [
            {
                "id": "a8e2044a-eb1d-4bf1-beda-410745542a24",
                "type": "3D_BOX",
                "contour": {
                    "center3D": {
                        "x": 20.9385,
                        "y": 0.2392,
                        "z": 0.3573
                    },
                    "pointN": 225,
                    "rotation3D": {
                        "x": 0,
                        "y": 0,
                        "z": 0.012
                    },
                    "size3D": {
                        "x": 4.2465,
                        "y": 2.0219,
                        "z": 1.5006
                    }
                },
                "className": "Car"
            }
        ]
    }
]