[
    {
        "instances": [
            {
                "id": "ead570fc-e2f5-41f3-93a1-f6a7fa7fcefd",
                "type": "3D_BOX",
                "contour": {
                    "center3D": {
                        "x": 19.9114,
                        "y": 0.2563,
                        "z": 0.4173
                    },
                    "pointN": 272,
                    "rotation3D": {
                        "x": 0,
                        "y": 0,
                        "z": 0.012
                    },
                    "size3D": {
                        "x": 4.2465,
                        "y": 2.0219,
                        "z": 1.5006
                    }
                },
                "className": "Car"
            }
        ]
    }
]