[
    {
        "instances": [
            {
                "id": "2803e5cc-e541-4c53-bd1d-827210a53bb0",
                "type": "3D_BOX",
                "contour": {
                    "center3D": {
                        "x": 20.2753,
                        "y": 0.304,
                        "z": 0.3573
                    },
                    "pointN": 219,
                    "rotation3D": {
                        "x": 0,
                        "y": 0,
                        "z": 0.012
                    },
                    "size3D": {
                        "x": 4.2465,
                        "y": 2.0219,
                        "z": 1.5006
                    }
                },
                "className": "Car"
            }
        ]
    }
]