[
    {
        "instances": [
            {
                "id": "c8b1cf2d-913f-4df3-8e4b-9ddf35d20ef6",
                "type": "3D_BOX",
                "contour": {
                    "center3D": {
                        "x": 19.8412,
                        "y": 0.3069,
                        "z": 0.4009
                    },
                    "pointN": 275,
                    "rotation3D": {
                        "x": 0,
                        "y": 0,
                        "z": 0.012
                    },
                    "size3D": {
                        "x": 4.2465,
                        "y": 2.0219,
                        "z": 1.5006
                    }
                },
                "className": "Car"
            }
        ]
    }
]