[
    {
        "instances": [
            {
                "id": "4af7fdf0-f718-495d-a576-44f3f662c517",
                "type": "3D_BOX",
                "contour": {
                    "center3D": {
                        "x": 19.8416,
                        "y": 0.2775,
                        "z": 0.4173
                    },
                    "pointN": 281,
                    "rotation3D": {
                        "x": 0,
                        "y": 0,
                        "z": 0.012
                    },
                    "size3D": {
                        "x": 4.2465,
                        "y": 2.0219,
                        "z": 1.5006
                    }
                },
                "className": "Car"
            }
        ]
    }
]