[
    {
        "instances": [
            {
                "id": "933358e2-083e-42ae-b914-75a001170c43",
                "type": "3D_BOX",
                "contour": {
                    "center3D": {
                        "x": 20.0889,
                        "y": 0.2695,
                        "z": 0.3723
                    },
                    "pointN": 264,
                    "rotation3D": {
                        "x": 0,
                        "y": 0,
                        "z": 0.012
                    },
                    "size3D": {
                        "x": 4.2465,
                        "y": 2.0219,
                        "z": 1.5006
                    }
                },
                "className": "Car"
            }
        ]
    }
]