[
    {
        "instances": [
            {
                "id": "af96f2b9-64ce-48fa-9954-0292cc55455e",
                "type": "3D_BOX",
                "contour": {
                    "center3D": {
                        "x": 20.7684,
                        "y": 0.2641,
                        "z": 0.4373
                    },
                    "pointN": 240,
                    "rotation3D": {
                        "x": 0,
                        "y": 0,
                        "z": 0.012
                    },
                    "size3D": {
                        "x": 4.2465,
                        "y": 2.0219,
                        "z": 1.5006
                    }
                },
                "className": "Car"
            }
        ]
    }
]