[
    {
        "instances": [
            {
                "id": "de531be4-c4d3-4ad9-85da-48d0c33020fa",
                "type": "3D_BOX",
                "contour": {
                    "center3D": {
                        "x": 20.5813,
                        "y": 0.2834,
                        "z": 0.4473
                    },
                    "pointN": 242,
                    "rotation3D": {
                        "x": 0,
                        "y": 0,
                        "z": 0.012
                    },
                    "size3D": {
                        "x": 4.2465,
                        "y": 2.0219,
                        "z": 1.5006
                    }
                },
                "className": "Car"
            }
        ]
    }
]