[
    {
        "instances": [
            {
                "id": "618cf21f-e457-411d-a873-61c8dc953a0e",
                "type": "3D_BOX",
                "contour": {
                    "center3D": {
                        "x": 20.8534,
                        "y": 0.2517,
                        "z": 0.3973
                    },
                    "pointN": 248,
                    "rotation3D": {
                        "x": 0,
                        "y": 0,
                        "z": 0.012
                    },
                    "size3D": {
                        "x": 4.2465,
                        "y": 2.0219,
                        "z": 1.5006
                    }
                },
                "className": "Car"
            }
        ]
    }
]