[
    {
        "instances": [
            {
                "id": "40c3dd18-5179-457d-a6b1-c3dd0aa2fead",
                "type": "3D_BOX",
                "contour": {
                    "center3D": {
                        "x": 20.1733,
                        "y": 0.3109,
                        "z": 0.3273
                    },
                    "pointN": 248,
                    "rotation3D": {
                        "x": 0,
                        "y": 0,
                        "z": 0.012
                    },
                    "size3D": {
                        "x": 4.2465,
                        "y": 2.0219,
                        "z": 1.5006
                    }
                },
                "className": "Car"
            }
        ]
    }
]