[
    {
        "instances": [
            {
                "id": "f7657043-b33c-460d-9ef8-de7a2a0fc789",
                "type": "3D_BOX",
                "contour": {
                    "center3D": {
                        "x": 19.7951,
                        "y": 0.2917,
                        "z": 0.4173
                    },
                    "pointN": 278,
                    "rotation3D": {
                        "x": 0,
                        "y": 0,
                        "z": 0.012
                    },
                    "size3D": {
                        "x": 4.2465,
                        "y": 2.0219,
                        "z": 1.5006
                    }
                },
                "className": "Car"
            }
        ]
    }
]