[
    {
        "instances": [
            {
                "id": "5cd834bb-8291-464f-85d8-311c0a18da46",
                "type": "3D_BOX",
                "contour": {
                    "center3D": {
                        "x": 19.7795,
                        "y": 0.3062,
                        "z": 0.4118
                    },
                    "pointN": 275,
                    "rotation3D": {
                        "x": 0,
                        "y": 0,
                        "z": 0.012
                    },
                    "size3D": {
                        "x": 4.2465,
                        "y": 2.0219,
                        "z": 1.5006
                    }
                },
                "className": "Car"
            }
        ]
    }
]