[
    {
        "instances": [
            {
                "id": "c845eb46-eaae-4d2e-b26e-17f32efb76eb",
                "type": "3D_BOX",
                "contour": {
                    "center3D": {
                        "x": 19.8184,
                        "y": 0.2846,
                        "z": 0.4173
                    },
                    "pointN": 290,
                    "rotation3D": {
                        "x": 0,
                        "y": 0,
                        "z": 0.012
                    },
                    "size3D": {
                        "x": 4.2465,
                        "y": 2.0219,
                        "z": 1.5006
                    }
                },
                "className": "Car"
            }
        ]
    }
]