[
    {
        "instances": [
            {
                "id": "f8b04e41-b6e5-4885-90f0-ca21ec572a90",
                "type": "3D_BOX",
                "contour": {
                    "center3D": {
                        "x": 19.9339,
                        "y": 0.308,
                        "z": 0.3846
                    },
                    "pointN": 258,
                    "rotation3D": {
                        "x": 0,
                        "y": 0,
                        "z": 0.012
                    },
                    "size3D": {
                        "x": 4.2465,
                        "y": 2.0219,
                        "z": 1.5006
                    }
                },
                "className": "Car"
            }
        ]
    }
]