[
    {
        "instances": [
            {
                "id": "e115e7e8-9cac-426f-ad3f-d73478653607",
                "type": "3D_BOX",
                "contour": {
                    "center3D": {
                        "x": 19.7719,
                        "y": 0.2987,
                        "z": 0.4173
                    },
                    "pointN": 270,
                    "rotation3D": {
                        "x": 0,
                        "y": 0,
                        "z": 0.012
                    },
                    "size3D": {
                        "x": 4.2465,
                        "y": 2.0219,
                        "z": 1.5006
                    }
                },
                "className": "Car"
            }
        ]
    }
]