[
    {
        "instances": [
            {
                "id": "09ebef9c-f3cf-4b41-98d7-529975198ed2",
                "type": "3D_BOX",
                "contour": {
                    "center3D": {
                        "x": 19.9579,
                        "y": 0.2421,
                        "z": 0.4173
                    },
                    "pointN": 269,
                    "rotation3D": {
                        "x": 0,
                        "y": 0,
                        "z": 0.012
                    },
                    "size3D": {
                        "x": 4.2465,
                        "y": 2.0219,
                        "z": 1.5006
                    }
                },
                "className": "Car"
            }
        ]
    }
]