[
    {
        "instances": [
            {
                "id": "aecc6f93-a8b4-46d9-87fb-60a7057f692f",
                "type": "3D_BOX",
                "contour": {
                    "center3D": {
                        "x": 20.3773,
                        "y": 0.2972,
                        "z": 0.3873
                    },
                    "pointN": 243,
                    "rotation3D": {
                        "x": 0,
                        "y": 0,
                        "z": 0.012
                    },
                    "size3D": {
                        "x": 4.2465,
                        "y": 2.0219,
                        "z": 1.5006
                    }
                },
                "className": "Car"
            }
        ]
    }
]