[
    {
        "instances": [
            {
                "id": "2b285831-9138-491c-aa92-c250dc6c2427",
                "type": "3D_BOX",
                "contour": {
                    "center3D": {
                        "x": 19.8721,
                        "y": 0.3073,
                        "z": 0.3955
                    },
                    "pointN": 277,
                    "rotation3D": {
                        "x": 0,
                        "y": 0,
                        "z": 0.012
                    },
                    "size3D": {
                        "x": 4.2465,
                        "y": 2.0219,
                        "z": 1.5006
                    }
                },
                "className": "Car"
            }
        ]
    }
]