[
    {
        "instances": [
            {
                "id": "ad6e1479-641e-4139-91e3-2242aeb90142",
                "type": "3D_BOX",
                "contour": {
                    "center3D": {
                        "x": 20.0044,
                        "y": 0.228,
                        "z": 0.4173
                    },
                    "pointN": 266,
                    "rotation3D": {
                        "x": 0,
                        "y": 0,
                        "z": 0.012
                    },
                    "size3D": {
                        "x": 4.2465,
                        "y": 2.0219,
                        "z": 1.5006
                    }
                },
                "className": "Car"
            }
        ]
    }
]