[
    {
        "instances": [
            {
                "id": "880937e4-a05b-4681-be56-8c8a5aaf0ac8",
                "type": "3D_BOX",
                "contour": {
                    "center3D": {
                        "x": 19.9811,
                        "y": 0.2351,
                        "z": 0.4173
                    },
                    "pointN": 268,
                    "rotation3D": {
                        "x": 0,
                        "y": 0,
                        "z": 0.012
                    },
                    "size3D": {
                        "x": 4.2465,
                        "y": 2.0219,
                        "z": 1.5006
                    }
                },
                "className": "Car"
            }
        ]
    }
]