[
    {
        "instances": [
            {
                "id": "38a81a36-2dcb-4f3b-9634-ee0466e495dd",
                "type": "3D_BOX",
                "contour": {
                    "center3D": {
                        "x": 19.9346,
                        "y": 0.2492,
                        "z": 0.4173
                    },
                    "pointN": 257,
                    "rotation3D": {
                        "x": 0,
                        "y": 0,
                        "z": 0.012
                    },
                    "size3D": {
                        "x": 4.2465,
                        "y": 2.0219,
                        "z": 1.5006
                    }
                },
                "className": "Car"
            }
        ]
    }
]