[
    {
        "instances": [
            {
                "id": "d43cb375-03e2-46e3-9060-ab24db68c6a1",
                "type": "3D_BOX",
                "contour": {
                    "center3D": {
                        "x": 19.903,
                        "y": 0.3077,
                        "z": 0.39
                    },
                    "pointN": 260,
                    "rotation3D": {
                        "x": 0,
                        "y": 0,
                        "z": 0.012
                    },
                    "size3D": {
                        "x": 4.2465,
                        "y": 2.0219,
                        "z": 1.5006
                    }
                },
                "className": "Car"
            }
        ]
    }
]