[
    {
        "instances": [
            {
                "id": "219d99e0-3735-4830-b03d-2fa7ddd71145",
                "type": "3D_BOX",
                "contour": {
                    "center3D": {
                        "x": 20.4793,
                        "y": 0.2903,
                        "z": 0.4173
                    },
                    "pointN": 248,
                    "rotation3D": {
                        "x": 0,
                        "y": 0,
                        "z": 0.012
                    },
                    "size3D": {
                        "x": 4.2465,
                        "y": 2.0219,
                        "z": 1.5006
                    }
                },
                "className": "Car"
            }
        ]
    }
]