[
    {
        "instances": [
            {
                "id": "0b7e1bf5-28da-4e75-a3a0-0fa4ccd77d1c",
                "type": "3D_BOX",
                "contour": {
                    "center3D": {
                        "x": 19.8881,
                        "y": 0.2634,
                        "z": 0.4173
                    },
                    "pointN": 248,
                    "rotation3D": {
                        "x": 0,
                        "y": 0,
                        "z": 0.012
                    },
                    "size3D": {
                        "x": 4.2465,
                        "y": 2.0219,
                        "z": 1.5006
                    }
                },
                "className": "Car"
            }
        ]
    }
]