[
    {
        "instances": [
            {
                "id": "9e7c1141-b597-4d8f-9e2d-b024b8fab55a",
                "type": "BOUNDING_BOX",
                "contour": {
                    "area": 7874,
                    "points": [
                        {
                            "x": 977.7892,
                            "y": 512.7622
                        },
                        {
                            "x": 1078.2725,
                            "y": 512.7622
                        },
                        {
                            "x": 1078.2725,
                            "y": 591.1218
                        },
                        {
                            "x": 977.7892,
                            "y": 591.1218
                        }
                    ],
                    "rotation": 0
                },
                "className": "Car"
            }
        ]
    }
]