[
    {
        "instances": [
            {
                "id": "97da37bb-55bc-4ef7-894a-8fcd9a8c4e2d",
                "type": "BOUNDING_BOX",
                "contour": {
                    "area": 7379,
                    "points": [
                        {
                            "x": 981,
                            "y": 504.5974
                        },
                        {
                            "x": 1077,
                            "y": 504.5974
                        },
                        {
                            "x": 1077,
                            "y": 581.462
                        },
                        {
                            "x": 981,
                            "y": 581.462
                        }
                    ],
                    "rotation": 0
                },
                "className": "Car"
            }
        ]
    }
]