[
    {
        "instances": [
            {
                "id": "975c11fb-97ea-4b8d-b145-81b910b28d95",
                "type": "BOUNDING_BOX",
                "contour": {
                    "area": 7717,
                    "points": [
                        {
                            "x": 978.7892,
                            "y": 504.7622
                        },
                        {
                            "x": 1077.2725,
                            "y": 504.7622
                        },
                        {
                            "x": 1077.2725,
                            "y": 583.1218
                        },
                        {
                            "x": 978.7892,
                            "y": 583.1218
                        }
                    ],
                    "rotation": 0
                },
                "className": "Car"
            }
        ]
    }
]