[
    {
        "instances": [
            {
                "id": "1350199e-df0d-47cc-be36-2cb815edf92c",
                "type": "BOUNDING_BOX",
                "contour": {
                    "area": 7167,
                    "points": [
                        {
                            "x": 981,
                            "y": 506.1299
                        },
                        {
                            "x": 1077.228,
                            "y": 506.1299
                        },
                        {
                            "x": 1077.228,
                            "y": 580.6136
                        },
                        {
                            "x": 981,
                            "y": 580.6136
                        }
                    ],
                    "rotation": 0
                },
                "className": "Car"
            }
        ]
    }
]