[
    {
        "instances": [
            {
                "id": "a54f7780-ff87-4d75-8ac3-1d9458cd71ba",
                "type": "BOUNDING_BOX",
                "contour": {
                    "area": 7717,
                    "points": [
                        {
                            "x": 978.7892,
                            "y": 502.7622
                        },
                        {
                            "x": 1077.2725,
                            "y": 502.7622
                        },
                        {
                            "x": 1077.2725,
                            "y": 581.1218
                        },
                        {
                            "x": 978.7892,
                            "y": 581.1218
                        }
                    ],
                    "rotation": 0
                },
                "className": "Car"
            }
        ]
    }
]