[
    {
        "instances": [
            {
                "id": "2fd88589-057d-4d4f-933a-d2a0ea322f7d",
                "type": "BOUNDING_BOX",
                "contour": {
                    "area": 7215,
                    "points": [
                        {
                            "x": 972.7892,
                            "y": 505.7622
                        },
                        {
                            "x": 1067.2725,
                            "y": 505.7622
                        },
                        {
                            "x": 1067.2725,
                            "y": 582.1218
                        },
                        {
                            "x": 972.7892,
                            "y": 582.1218
                        }
                    ],
                    "rotation": 0
                },
                "className": "Car"
            }
        ]
    }
]