[
    {
        "instances": [
            {
                "id": "8c94ba4b-9896-4b5c-8695-e54cee7ca724",
                "type": "BOUNDING_BOX",
                "contour": {
                    "area": 7874,
                    "points": [
                        {
                            "x": 977.7892,
                            "y": 512.7622
                        },
                        {
                            "x": 1078.2725,
                            "y": 512.7622
                        },
                        {
                            "x": 1078.2725,
                            "y": 591.1218
                        },
                        {
                            "x": 977.7892,
                            "y": 591.1218
                        }
                    ],
                    "rotation": 0
                },
                "className": "Car"
            }
        ]
    }
]