[
    {
        "instances": [
            {
                "id": "db77ed8a-d3be-47c6-8fb7-6d3533759746",
                "type": "BOUNDING_BOX",
                "contour": {
                    "area": 7717,
                    "points": [
                        {
                            "x": 977.7892,
                            "y": 499.7622
                        },
                        {
                            "x": 1076.2725,
                            "y": 499.7622
                        },
                        {
                            "x": 1076.2725,
                            "y": 578.1218
                        },
                        {
                            "x": 977.7892,
                            "y": 578.1218
                        }
                    ],
                    "rotation": 0
                },
                "className": "Car"
            }
        ]
    }
]