[
    {
        "instances": [
            {
                "id": "69bfc4d3-4a3e-4df8-b215-cac16410712b",
                "type": "BOUNDING_BOX",
                "contour": {
                    "area": 6951,
                    "points": [
                        {
                            "x": 976.7892,
                            "y": 498.7622
                        },
                        {
                            "x": 1070.2725,
                            "y": 498.7622
                        },
                        {
                            "x": 1070.2725,
                            "y": 573.1218
                        },
                        {
                            "x": 976.7892,
                            "y": 573.1218
                        }
                    ],
                    "rotation": 0
                },
                "className": "Car"
            }
        ]
    }
]