[
    {
        "instances": [
            {
                "id": "b013ea7e-f441-49de-b24d-5109b8ac2e65",
                "type": "BOUNDING_BOX",
                "contour": {
                    "area": 8236,
                    "points": [
                        {
                            "x": 976.7892,
                            "y": 505.7622
                        },
                        {
                            "x": 1079.2725,
                            "y": 505.7622
                        },
                        {
                            "x": 1079.2725,
                            "y": 586.1218
                        },
                        {
                            "x": 976.7892,
                            "y": 586.1218
                        }
                    ],
                    "rotation": 0
                },
                "className": "Car"
            }
        ]
    }
]