[
    {
        "instances": [
            {
                "id": "9914f519-c1bf-4af3-b71f-edb4209deb34",
                "type": "BOUNDING_BOX",
                "contour": {
                    "area": 7717,
                    "points": [
                        {
                            "x": 977.7892,
                            "y": 502.7622
                        },
                        {
                            "x": 1076.2725,
                            "y": 502.7622
                        },
                        {
                            "x": 1076.2725,
                            "y": 581.1218
                        },
                        {
                            "x": 977.7892,
                            "y": 581.1218
                        }
                    ],
                    "rotation": 0
                },
                "className": "Car"
            }
        ]
    }
]