[
    {
        "instances": [
            {
                "id": "09d89eaa-bbe5-492d-905e-204c7e99415e",
                "type": "BOUNDING_BOX",
                "contour": {
                    "area": 7874,
                    "points": [
                        {
                            "x": 976.7892,
                            "y": 506.7622
                        },
                        {
                            "x": 1077.2725,
                            "y": 506.7622
                        },
                        {
                            "x": 1077.2725,
                            "y": 585.1218
                        },
                        {
                            "x": 976.7892,
                            "y": 585.1218
                        }
                    ],
                    "rotation": 0
                },
                "className": "Car"
            }
        ]
    }
]