[
    {
        "instances": [
            {
                "id": "3876120d-702d-4ba3-9732-d5204dd1429b",
                "type": "BOUNDING_BOX",
                "contour": {
                    "area": 8396,
                    "points": [
                        {
                            "x": 975.7892,
                            "y": 495.7622
                        },
                        {
                            "x": 1080.2725,
                            "y": 495.7622
                        },
                        {
                            "x": 1080.2725,
                            "y": 576.1218
                        },
                        {
                            "x": 975.7892,
                            "y": 576.1218
                        }
                    ],
                    "rotation": 0
                },
                "className": "Car"
            }
        ]
    }
]