[
    {
        "instances": [
            {
                "id": "f3f8c55e-d9fc-4839-8214-5202315b229e",
                "type": "BOUNDING_BOX",
                "contour": {
                    "area": 7252,
                    "points": [
                        {
                            "x": 979.7892,
                            "y": 499.7622
                        },
                        {
                            "x": 1076.0172,
                            "y": 499.7622
                        },
                        {
                            "x": 1076.0172,
                            "y": 575.1218
                        },
                        {
                            "x": 979.7892,
                            "y": 575.1218
                        }
                    ],
                    "rotation": 0
                },
                "className": "Car"
            }
        ]
    }
]