[
    {
        "instances": [
            {
                "id": "ea34cb40-3f4a-4ed4-aa23-2094d4063379",
                "type": "BOUNDING_BOX",
                "contour": {
                    "area": 7215,
                    "points": [
                        {
                            "x": 976.7892,
                            "y": 500.7622
                        },
                        {
                            "x": 1071.2725,
                            "y": 500.7622
                        },
                        {
                            "x": 1071.2725,
                            "y": 577.1218
                        },
                        {
                            "x": 976.7892,
                            "y": 577.1218
                        }
                    ],
                    "rotation": 0
                },
                "className": "Car"
            }
        ]
    }
]