[
    {
        "instances": [
            {
                "id": "7cf02269-cb6b-4cf0-a6ec-30b4bab2f2b8",
                "type": "BOUNDING_BOX",
                "contour": {
                    "area": 7215,
                    "points": [
                        {
                            "x": 975.7892,
                            "y": 496.7622
                        },
                        {
                            "x": 1070.2725,
                            "y": 496.7622
                        },
                        {
                            "x": 1070.2725,
                            "y": 573.1218
                        },
                        {
                            "x": 975.7892,
                            "y": 573.1218
                        }
                    ],
                    "rotation": 0
                },
                "className": "Car"
            }
        ]
    }
]