[
    {
        "instances": [
            {
                "id": "c1e95bed-0a1b-4c85-b6f5-39cc0401572f",
                "type": "BOUNDING_BOX",
                "contour": {
                    "area": 6671,
                    "points": [
                        {
                            "x": 978.7892,
                            "y": 502.7622
                        },
                        {
                            "x": 1072.2725,
                            "y": 502.7622
                        },
                        {
                            "x": 1072.2725,
                            "y": 574.1218
                        },
                        {
                            "x": 978.7892,
                            "y": 574.1218
                        }
                    ],
                    "rotation": 0
                },
                "className": "Car"
            }
        ]
    }
]