[
    {
        "instances": [
            {
                "id": "71b4cc75-7192-4a1e-9926-09da41eee09a",
                "type": "BOUNDING_BOX",
                "contour": {
                    "area": 7215,
                    "points": [
                        {
                            "x": 974.7892,
                            "y": 501.7622
                        },
                        {
                            "x": 1069.2725,
                            "y": 501.7622
                        },
                        {
                            "x": 1069.2725,
                            "y": 578.1218
                        },
                        {
                            "x": 974.7892,
                            "y": 578.1218
                        }
                    ],
                    "rotation": 0
                },
                "className": "Car"
            }
        ]
    }
]