[
    {
        "instances": [
            {
                "id": "66e6aef2-7a9f-45fd-ab06-4a60c3b869f5",
                "type": "BOUNDING_BOX",
                "contour": {
                    "area": 7379,
                    "points": [
                        {
                            "x": 981,
                            "y": 500
                        },
                        {
                            "x": 1077,
                            "y": 500
                        },
                        {
                            "x": 1077,
                            "y": 576.8646
                        },
                        {
                            "x": 981,
                            "y": 576.8646
                        }
                    ],
                    "rotation": 0
                },
                "className": "Car"
            }
        ]
    }
]