[
    {
        "instances": [
            {
                "id": "aec062bf-e484-404e-91a5-af21dd0d86e4",
                "type": "BOUNDING_BOX",
                "contour": {
                    "area": 8396,
                    "points": [
                        {
                            "x": 975.7892,
                            "y": 506.7622
                        },
                        {
                            "x": 1080.2725,
                            "y": 506.7622
                        },
                        {
                            "x": 1080.2725,
                            "y": 587.1218
                        },
                        {
                            "x": 975.7892,
                            "y": 587.1218
                        }
                    ],
                    "rotation": 0
                },
                "className": "Car"
            }
        ]
    }
]