[
    {
        "instances": [
            {
                "id": "8bd42e2b-3aa7-4ed7-835c-9f7a3c00207f",
                "type": "BOUNDING_BOX",
                "contour": {
                    "area": 8236,
                    "points": [
                        {
                            "x": 976.7892,
                            "y": 504.7622
                        },
                        {
                            "x": 1079.2725,
                            "y": 504.7622
                        },
                        {
                            "x": 1079.2725,
                            "y": 585.1218
                        },
                        {
                            "x": 976.7892,
                            "y": 585.1218
                        }
                    ],
                    "rotation": 0
                },
                "className": "Car"
            }
        ]
    }
]