[
    {
        "instances": [
            {
                "id": "b616ba23-540f-47cf-b6ea-744125ce7477",
                "type": "BOUNDING_BOX",
                "contour": {
                    "area": 7717,
                    "points": [
                        {
                            "x": 978.7892,
                            "y": 501.7622
                        },
                        {
                            "x": 1077.2725,
                            "y": 501.7622
                        },
                        {
                            "x": 1077.2725,
                            "y": 580.1218
                        },
                        {
                            "x": 978.7892,
                            "y": 580.1218
                        }
                    ],
                    "rotation": 0
                },
                "className": "Car"
            }
        ]
    }
]