[
    {
        "instances": [
            {
                "id": "3fec79bb-cfcd-46b6-bd81-c633996ab51a",
                "type": "BOUNDING_BOX",
                "contour": {
                    "area": 7874,
                    "points": [
                        {
                            "x": 977.7892,
                            "y": 509.7622
                        },
                        {
                            "x": 1078.2725,
                            "y": 509.7622
                        },
                        {
                            "x": 1078.2725,
                            "y": 588.1218
                        },
                        {
                            "x": 977.7892,
                            "y": 588.1218
                        }
                    ],
                    "rotation": 0
                },
                "className": "Car"
            }
        ]
    }
]