[
    {
        "instances": [
            {
                "id": "fc0dd9d4-cc7d-4040-9e3d-92350d68238b",
                "type": "BOUNDING_BOX",
                "contour": {
                    "area": 7646,
                    "points": [
                        {
                            "x": 981,
                            "y": 506.1299
                        },
                        {
                            "x": 1078.5325,
                            "y": 506.1299
                        },
                        {
                            "x": 1078.5325,
                            "y": 584.527
                        },
                        {
                            "x": 981,
                            "y": 584.527
                        }
                    ],
                    "rotation": 0
                },
                "className": "Car"
            }
        ]
    }
]