[
    {
        "instances": [
            {
                "id": "2518f22d-ef10-469a-8602-780d96d31a2f",
                "type": "BOUNDING_BOX",
                "contour": {
                    "area": 7646,
                    "points": [
                        {
                            "x": 981,
                            "y": 506.1299
                        },
                        {
                            "x": 1078.5325,
                            "y": 506.1299
                        },
                        {
                            "x": 1078.5325,
                            "y": 584.527
                        },
                        {
                            "x": 981,
                            "y": 584.527
                        }
                    ],
                    "rotation": 0
                },
                "className": "Car"
            }
        ]
    }
]