[
    {
        "instances": [
            {
                "id": "85ab2425-c944-47b0-af38-d21cfda22268",
                "type": "BOUNDING_BOX",
                "contour": {
                    "area": 8236,
                    "points": [
                        {
                            "x": 976.7892,
                            "y": 504.7622
                        },
                        {
                            "x": 1079.2725,
                            "y": 504.7622
                        },
                        {
                            "x": 1079.2725,
                            "y": 585.1218
                        },
                        {
                            "x": 976.7892,
                            "y": 585.1218
                        }
                    ],
                    "rotation": 0
                },
                "className": "Car"
            }
        ]
    }
]