[
    {
        "instances": [
            {
                "id": "4cfdfc64-93b7-41bd-9250-be081b039e77",
                "type": "BOUNDING_BOX",
                "contour": {
                    "area": 7252,
                    "points": [
                        {
                            "x": 978.7892,
                            "y": 499.7622
                        },
                        {
                            "x": 1075.0172,
                            "y": 499.7622
                        },
                        {
                            "x": 1075.0172,
                            "y": 575.1218
                        },
                        {
                            "x": 978.7892,
                            "y": 575.1218
                        }
                    ],
                    "rotation": 0
                },
                "className": "Car"
            }
        ]
    }
]