[
    {
        "instances": [
            {
                "id": "d08e2b2c-38d1-4a99-931b-4d815e23c34d",
                "type": "BOUNDING_BOX",
                "contour": {
                    "area": 7167,
                    "points": [
                        {
                            "x": 981,
                            "y": 506.1299
                        },
                        {
                            "x": 1077.228,
                            "y": 506.1299
                        },
                        {
                            "x": 1077.228,
                            "y": 580.6136
                        },
                        {
                            "x": 981,
                            "y": 580.6136
                        }
                    ],
                    "rotation": 0
                },
                "className": "Car"
            }
        ]
    }
]