[
    {
        "instances": [
            {
                "id": "9cf884b7-2eda-48d3-b3a3-3ab7022c4f34",
                "type": "BOUNDING_BOX",
                "contour": {
                    "area": 7646,
                    "points": [
                        {
                            "x": 981,
                            "y": 506.1299
                        },
                        {
                            "x": 1078.5325,
                            "y": 506.1299
                        },
                        {
                            "x": 1078.5325,
                            "y": 584.527
                        },
                        {
                            "x": 981,
                            "y": 584.527
                        }
                    ],
                    "rotation": 0
                },
                "className": "Car"
            }
        ]
    }
]