[
    {
        "instances": [
            {
                "id": "6958b7c0-7eda-402d-b321-209927ad585a",
                "type": "BOUNDING_BOX",
                "contour": {
                    "area": 7560,
                    "points": [
                        {
                            "x": 978.7892,
                            "y": 511.7622
                        },
                        {
                            "x": 1075.2725,
                            "y": 511.7622
                        },
                        {
                            "x": 1075.2725,
                            "y": 590.1218
                        },
                        {
                            "x": 978.7892,
                            "y": 590.1218
                        }
                    ],
                    "rotation": 0
                },
                "className": "Car"
            }
        ]
    }
]