[
    {
        "instances": [
            {
                "id": "db54d2c0-5519-4356-aedb-06970d3bc1ac",
                "type": "BOUNDING_BOX",
                "contour": {
                    "area": 8236,
                    "points": [
                        {
                            "x": 976.7892,
                            "y": 502.7622
                        },
                        {
                            "x": 1079.2725,
                            "y": 502.7622
                        },
                        {
                            "x": 1079.2725,
                            "y": 583.1218
                        },
                        {
                            "x": 976.7892,
                            "y": 583.1218
                        }
                    ],
                    "rotation": 0
                },
                "className": "Car"
            }
        ]
    }
]