[
    {
        "instances": [
            {
                "id": "89f19213-af8d-4ba2-8c97-dee03803dc8f",
                "type": "BOUNDING_BOX",
                "contour": {
                    "area": 7379,
                    "points": [
                        {
                            "x": 981,
                            "y": 504.5974
                        },
                        {
                            "x": 1077,
                            "y": 504.5974
                        },
                        {
                            "x": 1077,
                            "y": 581.462
                        },
                        {
                            "x": 981,
                            "y": 581.462
                        }
                    ],
                    "rotation": 0
                },
                "className": "Car"
            }
        ]
    }
]