[
    {
        "instances": [
            {
                "id": "bbcbba03-3792-40a7-be13-a66355731a06",
                "type": "BOUNDING_BOX",
                "contour": {
                    "area": 7717,
                    "points": [
                        {
                            "x": 978.7892,
                            "y": 504.7622
                        },
                        {
                            "x": 1077.2725,
                            "y": 504.7622
                        },
                        {
                            "x": 1077.2725,
                            "y": 583.1218
                        },
                        {
                            "x": 978.7892,
                            "y": 583.1218
                        }
                    ],
                    "rotation": 0
                },
                "className": "Car"
            }
        ]
    }
]