[
    {
        "instances": [
            {
                "id": "55a67483-d2bc-4523-8584-5f68a6942284",
                "type": "BOUNDING_BOX",
                "contour": {
                    "area": 7215,
                    "points": [
                        {
                            "x": 972.7892,
                            "y": 506.7622
                        },
                        {
                            "x": 1067.2725,
                            "y": 506.7622
                        },
                        {
                            "x": 1067.2725,
                            "y": 583.1218
                        },
                        {
                            "x": 972.7892,
                            "y": 583.1218
                        }
                    ],
                    "rotation": 0
                },
                "className": "Car"
            }
        ]
    }
]