[
    {
        "instances": [
            {
                "id": "a8663d77-fdeb-49e1-9c8d-3e6717fa2777",
                "type": "BOUNDING_BOX",
                "contour": {
                    "area": 7379,
                    "points": [
                        {
                            "x": 981,
                            "y": 504.5974
                        },
                        {
                            "x": 1077,
                            "y": 504.5974
                        },
                        {
                            "x": 1077,
                            "y": 581.462
                        },
                        {
                            "x": 981,
                            "y": 581.462
                        }
                    ],
                    "rotation": 0
                },
                "className": "Car"
            }
        ]
    }
]