[
    {
        "instances": [
            {
                "id": "c6a57230-2d46-4f01-89ec-ddeb16dc993d",
                "type": "BOUNDING_BOX",
                "contour": {
                    "area": 8396,
                    "points": [
                        {
                            "x": 975.7892,
                            "y": 493.7622
                        },
                        {
                            "x": 1080.2725,
                            "y": 493.7622
                        },
                        {
                            "x": 1080.2725,
                            "y": 574.1218
                        },
                        {
                            "x": 975.7892,
                            "y": 574.1218
                        }
                    ],
                    "rotation": 0
                },
                "className": "Car"
            }
        ]
    }
]