[
    {
        "instances": [
            {
                "id": "6913156c-7c93-4aba-b7fe-9d0e27a928ee",
                "type": "BOUNDING_BOX",
                "contour": {
                    "area": 8396,
                    "points": [
                        {
                            "x": 975.7892,
                            "y": 506.7622
                        },
                        {
                            "x": 1080.2725,
                            "y": 506.7622
                        },
                        {
                            "x": 1080.2725,
                            "y": 587.1218
                        },
                        {
                            "x": 975.7892,
                            "y": 587.1218
                        }
                    ],
                    "rotation": 0
                },
                "className": "Car"
            }
        ]
    }
]