[
    {
        "instances": [
            {
                "id": "88a28614-3e79-47f2-9e2e-179548affdd6",
                "type": "BOUNDING_BOX",
                "contour": {
                    "area": 7379,
                    "points": [
                        {
                            "x": 981,
                            "y": 504.5974
                        },
                        {
                            "x": 1077,
                            "y": 504.5974
                        },
                        {
                            "x": 1077,
                            "y": 581.462
                        },
                        {
                            "x": 981,
                            "y": 581.462
                        }
                    ],
                    "rotation": 0
                },
                "className": "Car"
            }
        ]
    }
]