[
    {
        "instances": [
            {
                "id": "6ce4daca-3b01-4e6d-99bf-49e462c64984",
                "type": "BOUNDING_BOX",
                "contour": {
                    "area": 8236,
                    "points": [
                        {
                            "x": 976.7892,
                            "y": 505.7622
                        },
                        {
                            "x": 1079.2725,
                            "y": 505.7622
                        },
                        {
                            "x": 1079.2725,
                            "y": 586.1218
                        },
                        {
                            "x": 976.7892,
                            "y": 586.1218
                        }
                    ],
                    "rotation": 0
                },
                "className": "Car"
            }
        ]
    }
]