[
    {
        "instances": [
            {
                "id": "83bb8c04-4dbf-4bdf-80bd-75e4b2d44abf",
                "type": "BOUNDING_BOX",
                "contour": {
                    "area": 7717,
                    "points": [
                        {
                            "x": 978.7892,
                            "y": 506.7622
                        },
                        {
                            "x": 1077.2725,
                            "y": 506.7622
                        },
                        {
                            "x": 1077.2725,
                            "y": 585.1218
                        },
                        {
                            "x": 978.7892,
                            "y": 585.1218
                        }
                    ],
                    "rotation": 0
                },
                "className": "Car"
            }
        ]
    }
]