[
    {
        "instances": [
            {
                "id": "61ff7a90-c82d-45d1-9d92-33cd1c6d51ff",
                "type": "BOUNDING_BOX",
                "contour": {
                    "area": 8396,
                    "points": [
                        {
                            "x": 975.7892,
                            "y": 497.7622
                        },
                        {
                            "x": 1080.2725,
                            "y": 497.7622
                        },
                        {
                            "x": 1080.2725,
                            "y": 578.1218
                        },
                        {
                            "x": 975.7892,
                            "y": 578.1218
                        }
                    ],
                    "rotation": 0
                },
                "className": "Car"
            }
        ]
    }
]