[
    {
        "instances": [
            {
                "id": "bde63816-ed96-4d25-b4df-101e5565db34",
                "type": "BOUNDING_BOX",
                "contour": {
                    "area": 6951,
                    "points": [
                        {
                            "x": 977.7892,
                            "y": 501.7622
                        },
                        {
                            "x": 1071.2725,
                            "y": 501.7622
                        },
                        {
                            "x": 1071.2725,
                            "y": 576.1218
                        },
                        {
                            "x": 977.7892,
                            "y": 576.1218
                        }
                    ],
                    "rotation": 0
                },
                "className": "Car"
            }
        ]
    }
]