[
    {
        "instances": [
            {
                "id": "ff8a9e1d-d846-4600-87b3-cf52afa44ff6",
                "type": "BOUNDING_BOX",
                "contour": {
                    "area": 7717,
                    "points": [
                        {
                            "x": 977.7892,
                            "y": 496.7622
                        },
                        {
                            "x": 1076.2725,
                            "y": 496.7622
                        },
                        {
                            "x": 1076.2725,
                            "y": 575.1218
                        },
                        {
                            "x": 977.7892,
                            "y": 575.1218
                        }
                    ],
                    "rotation": 0
                },
                "className": "Car"
            }
        ]
    }
]