[
    {
        "instances": [
            {
                "id": "afca1595-e2c9-4f4c-b46f-b4f88831334d",
                "type": "BOUNDING_BOX",
                "contour": {
                    "area": 7252,
                    "points": [
                        {
                            "x": 981.7892,
                            "y": 499.7622
                        },
                        {
                            "x": 1078.0172,
                            "y": 499.7622
                        },
                        {
                            "x": 1078.0172,
                            "y": 575.1218
                        },
                        {
                            "x": 981.7892,
                            "y": 575.1218
                        }
                    ],
                    "rotation": 0
                },
                "className": "Car"
            }
        ]
    }
]