[
    {
        "instances": [
            {
                "id": "525d830e-3ad4-4f5b-8d3e-adee834e9d79",
                "type": "BOUNDING_BOX",
                "contour": {
                    "area": 7102,
                    "points": [
                        {
                            "x": 981,
                            "y": 500
                        },
                        {
                            "x": 1077,
                            "y": 500
                        },
                        {
                            "x": 1077,
                            "y": 573.9757
                        },
                        {
                            "x": 981,
                            "y": 573.9757
                        }
                    ],
                    "rotation": 0
                },
                "className": "Car"
            }
        ]
    }
]