[
    {
        "instances": [
            {
                "id": "c833fa5c-ddea-4a25-9166-d59831eca054",
                "type": "BOUNDING_BOX",
                "contour": {
                    "area": 7464,
                    "points": [
                        {
                            "x": 975.7892,
                            "y": 507.7622
                        },
                        {
                            "x": 1072.2725,
                            "y": 507.7622
                        },
                        {
                            "x": 1072.2725,
                            "y": 585.1218
                        },
                        {
                            "x": 975.7892,
                            "y": 585.1218
                        }
                    ],
                    "rotation": 0
                },
                "className": "Car"
            }
        ]
    }
]