[
    {
        "instances": [
            {
                "id": "f5bfae80-b38c-4221-8661-e252b99b68c1",
                "type": "BOUNDING_BOX",
                "contour": {
                    "area": 8396,
                    "points": [
                        {
                            "x": 975.7892,
                            "y": 502.7622
                        },
                        {
                            "x": 1080.2725,
                            "y": 502.7622
                        },
                        {
                            "x": 1080.2725,
                            "y": 583.1218
                        },
                        {
                            "x": 975.7892,
                            "y": 583.1218
                        }
                    ],
                    "rotation": 0
                },
                "className": "Car"
            }
        ]
    }
]