[
    {
        "instances": [
            {
                "id": "613e026e-2c10-4205-89ef-fbe343e1164d",
                "type": "BOUNDING_BOX",
                "contour": {
                    "area": 7717,
                    "points": [
                        {
                            "x": 978.7892,
                            "y": 501.7622
                        },
                        {
                            "x": 1077.2725,
                            "y": 501.7622
                        },
                        {
                            "x": 1077.2725,
                            "y": 580.1218
                        },
                        {
                            "x": 978.7892,
                            "y": 580.1218
                        }
                    ],
                    "rotation": 0
                },
                "className": "Car"
            }
        ]
    }
]