[
    {
        "instances": [
            {
                "id": "2024b60f-c16b-4404-a3a2-069399fd60bd",
                "type": "BOUNDING_BOX",
                "contour": {
                    "area": 6671,
                    "points": [
                        {
                            "x": 979.7892,
                            "y": 502.7622
                        },
                        {
                            "x": 1073.2725,
                            "y": 502.7622
                        },
                        {
                            "x": 1073.2725,
                            "y": 574.1218
                        },
                        {
                            "x": 979.7892,
                            "y": 574.1218
                        }
                    ],
                    "rotation": 0
                },
                "className": "Car"
            }
        ]
    }
]