[
    {
        "instances": [
            {
                "id": "191b64f2-23e2-4d4f-9f26-9dfa3f591225",
                "type": "BOUNDING_BOX",
                "contour": {
                    "area": 7215,
                    "points": [
                        {
                            "x": 975.7892,
                            "y": 496.7622
                        },
                        {
                            "x": 1070.2725,
                            "y": 496.7622
                        },
                        {
                            "x": 1070.2725,
                            "y": 573.1218
                        },
                        {
                            "x": 975.7892,
                            "y": 573.1218
                        }
                    ],
                    "rotation": 0
                },
                "className": "Car"
            }
        ]
    }
]