[
    {
        "instances": [
            {
                "id": "f4b1eca6-2141-45c6-95a4-620c8f339ad3",
                "type": "BOUNDING_BOX",
                "contour": {
                    "area": 7717,
                    "points": [
                        {
                            "x": 978.7892,
                            "y": 502.7622
                        },
                        {
                            "x": 1077.2725,
                            "y": 502.7622
                        },
                        {
                            "x": 1077.2725,
                            "y": 581.1218
                        },
                        {
                            "x": 978.7892,
                            "y": 581.1218
                        }
                    ],
                    "rotation": 0
                },
                "className": "Car"
            }
        ]
    }
]