[
    {
        "instances": [
            {
                "id": "896bd2c2-794a-4d5d-b2eb-d51a9d92fa07",
                "type": "BOUNDING_BOX",
                "contour": {
                    "area": 8236,
                    "points": [
                        {
                            "x": 976.7892,
                            "y": 502.7622
                        },
                        {
                            "x": 1079.2725,
                            "y": 502.7622
                        },
                        {
                            "x": 1079.2725,
                            "y": 583.1218
                        },
                        {
                            "x": 976.7892,
                            "y": 583.1218
                        }
                    ],
                    "rotation": 0
                },
                "className": "Car"
            }
        ]
    }
]