[
    {
        "instances": [
            {
                "id": "5cc38ff4-1526-4fb0-b579-b85bd01d6193",
                "type": "BOUNDING_BOX",
                "contour": {
                    "area": 7167,
                    "points": [
                        {
                            "x": 981,
                            "y": 506.1299
                        },
                        {
                            "x": 1077.228,
                            "y": 506.1299
                        },
                        {
                            "x": 1077.228,
                            "y": 580.6136
                        },
                        {
                            "x": 981,
                            "y": 580.6136
                        }
                    ],
                    "rotation": 0
                },
                "className": "Car"
            }
        ]
    }
]