[
    {
        "instances": [
            {
                "id": "32fe91df-469b-4ef9-a811-04a143c53bc4",
                "type": "BOUNDING_BOX",
                "contour": {
                    "area": 7464,
                    "points": [
                        {
                            "x": 977.7892,
                            "y": 512.7622
                        },
                        {
                            "x": 1074.2725,
                            "y": 512.7622
                        },
                        {
                            "x": 1074.2725,
                            "y": 590.1218
                        },
                        {
                            "x": 977.7892,
                            "y": 590.1218
                        }
                    ],
                    "rotation": 0
                },
                "className": "Car"
            }
        ]
    }
]