[
    {
        "instances": [
            {
                "id": "7e838eb8-9dd0-45a7-9489-93eaf388220c",
                "type": "BOUNDING_BOX",
                "contour": {
                    "area": 7243,
                    "points": [
                        {
                            "x": 981.7892,
                            "y": 503.7622
                        },
                        {
                            "x": 1078.0172,
                            "y": 503.7622
                        },
                        {
                            "x": 1078.0172,
                            "y": 579.0352
                        },
                        {
                            "x": 981.7892,
                            "y": 579.0352
                        }
                    ],
                    "rotation": 0
                },
                "className": "Car"
            }
        ]
    }
]