[
    {
        "instances": [
            {
                "id": "e674a7d6-a89a-456e-acaa-2da0fb8ec54a",
                "type": "BOUNDING_BOX",
                "contour": {
                    "area": 7560,
                    "points": [
                        {
                            "x": 978.7892,
                            "y": 510.7622
                        },
                        {
                            "x": 1075.2725,
                            "y": 510.7622
                        },
                        {
                            "x": 1075.2725,
                            "y": 589.1218
                        },
                        {
                            "x": 978.7892,
                            "y": 589.1218
                        }
                    ],
                    "rotation": 0
                },
                "className": "Car"
            }
        ]
    }
]