[
    {
        "instances": [
            {
                "id": "bd3d59b2-b796-482c-b673-6f24a143694b",
                "type": "BOUNDING_BOX",
                "contour": {
                    "area": 7379,
                    "points": [
                        {
                            "x": 981,
                            "y": 504.5974
                        },
                        {
                            "x": 1077,
                            "y": 504.5974
                        },
                        {
                            "x": 1077,
                            "y": 581.462
                        },
                        {
                            "x": 981,
                            "y": 581.462
                        }
                    ],
                    "rotation": 0
                },
                "className": "Car"
            }
        ]
    }
]