[
    {
        "instances": [
            {
                "id": "dcd6a653-f1e5-4691-8f01-0afa0f5652c7",
                "type": "BOUNDING_BOX",
                "contour": {
                    "area": 7215,
                    "points": [
                        {
                            "x": 973.7892,
                            "y": 504.7622
                        },
                        {
                            "x": 1068.2725,
                            "y": 504.7622
                        },
                        {
                            "x": 1068.2725,
                            "y": 581.1218
                        },
                        {
                            "x": 973.7892,
                            "y": 581.1218
                        }
                    ],
                    "rotation": 0
                },
                "className": "Car"
            }
        ]
    }
]