[
    {
        "instances": [
            {
                "id": "34b225a9-abc1-4eb0-92bc-48dff8c8801f",
                "type": "BOUNDING_BOX",
                "contour": {
                    "area": 7717,
                    "points": [
                        {
                            "x": 977.7892,
                            "y": 498.7622
                        },
                        {
                            "x": 1076.2725,
                            "y": 498.7622
                        },
                        {
                            "x": 1076.2725,
                            "y": 577.1218
                        },
                        {
                            "x": 977.7892,
                            "y": 577.1218
                        }
                    ],
                    "rotation": 0
                },
                "className": "Car"
            }
        ]
    }
]