[
    {
        "instances": [
            {
                "id": "543c7b57-0bba-4a43-8386-9a46524a9964",
                "type": "BOUNDING_BOX",
                "contour": {
                    "area": 8396,
                    "points": [
                        {
                            "x": 975.7892,
                            "y": 499.7622
                        },
                        {
                            "x": 1080.2725,
                            "y": 499.7622
                        },
                        {
                            "x": 1080.2725,
                            "y": 580.1218
                        },
                        {
                            "x": 975.7892,
                            "y": 580.1218
                        }
                    ],
                    "rotation": 0
                },
                "className": "Car"
            }
        ]
    }
]