[
    {
        "instances": [
            {
                "id": "c3a489c9-c7a0-4094-bfb8-c0be2b7db0f3",
                "type": "BOUNDING_BOX",
                "contour": {
                    "area": 8983,
                    "points": [
                        {
                            "x": 975.7892,
                            "y": 505.7622
                        },
                        {
                            "x": 1082.2725,
                            "y": 505.7622
                        },
                        {
                            "x": 1082.2725,
                            "y": 590.1218
                        },
                        {
                            "x": 975.7892,
                            "y": 590.1218
                        }
                    ],
                    "rotation": 0
                },
                "className": "Car"
            }
        ]
    }
]