[
    {
        "instances": [
            {
                "id": "a8fb4b0b-1acf-49f9-99c1-19c35934ee02",
                "type": "BOUNDING_BOX",
                "contour": {
                    "area": 8396,
                    "points": [
                        {
                            "x": 975.7892,
                            "y": 499.7622
                        },
                        {
                            "x": 1080.2725,
                            "y": 499.7622
                        },
                        {
                            "x": 1080.2725,
                            "y": 580.1218
                        },
                        {
                            "x": 975.7892,
                            "y": 580.1218
                        }
                    ],
                    "rotation": 0
                },
                "className": "Car"
            }
        ]
    }
]