[
    {
        "instances": [
            {
                "id": "b0832232-c3c3-430f-832c-a1fc51d70666",
                "type": "BOUNDING_BOX",
                "contour": {
                    "area": 8814,
                    "points": [
                        {
                            "x": 980.7892,
                            "y": 499.7622
                        },
                        {
                            "x": 1085.2725,
                            "y": 499.7622
                        },
                        {
                            "x": 1085.2725,
                            "y": 584.1218
                        },
                        {
                            "x": 980.7892,
                            "y": 584.1218
                        }
                    ],
                    "rotation": 0
                },
                "className": "Car"
            }
        ]
    }
]