[
    {
        "instances": [
            {
                "id": "ef72245b-a1e7-47cb-9731-e4c501745a67",
                "type": "BOUNDING_BOX",
                "contour": {
                    "area": 8983,
                    "points": [
                        {
                            "x": 974.7892,
                            "y": 493.7622
                        },
                        {
                            "x": 1081.2725,
                            "y": 493.7622
                        },
                        {
                            "x": 1081.2725,
                            "y": 578.1218
                        },
                        {
                            "x": 974.7892,
                            "y": 578.1218
                        }
                    ],
                    "rotation": 0
                },
                "className": "Car"
            }
        ]
    }
]