[
    {
        "instances": [
            {
                "id": "e6b3e662-2c91-4800-aadf-27b670f65114",
                "type": "BOUNDING_BOX",
                "contour": {
                    "area": 8983,
                    "points": [
                        {
                            "x": 974.7892,
                            "y": 493.7622
                        },
                        {
                            "x": 1081.2725,
                            "y": 493.7622
                        },
                        {
                            "x": 1081.2725,
                            "y": 578.1218
                        },
                        {
                            "x": 974.7892,
                            "y": 578.1218
                        }
                    ],
                    "rotation": 0
                },
                "className": "Car"
            }
        ]
    }
]