[
    {
        "instances": [
            {
                "id": "42c5f547-dc09-418f-a480-9473481085f5",
                "type": "BOUNDING_BOX",
                "contour": {
                    "area": 8983,
                    "points": [
                        {
                            "x": 974.7892,
                            "y": 496.7622
                        },
                        {
                            "x": 1081.2725,
                            "y": 496.7622
                        },
                        {
                            "x": 1081.2725,
                            "y": 581.1218
                        },
                        {
                            "x": 974.7892,
                            "y": 581.1218
                        }
                    ],
                    "rotation": 0
                },
                "className": "Car"
            }
        ]
    }
]