[
    {
        "instances": [
            {
                "id": "fe2d8a2c-2653-47a0-827a-acf01f20370d",
                "type": "BOUNDING_BOX",
                "contour": {
                    "area": 8292,
                    "points": [
                        {
                            "x": 980.7892,
                            "y": 497.7622
                        },
                        {
                            "x": 1085.2725,
                            "y": 497.7622
                        },
                        {
                            "x": 1085.2725,
                            "y": 577.1218
                        },
                        {
                            "x": 980.7892,
                            "y": 577.1218
                        }
                    ],
                    "rotation": 0
                },
                "className": "Car"
            }
        ]
    }
]