[
    {
        "instances": [
            {
                "id": "8ec2bf2c-4878-4207-ac84-fd81be6e2769",
                "type": "BOUNDING_BOX",
                "contour": {
                    "area": 8292,
                    "points": [
                        {
                            "x": 980.7892,
                            "y": 497.7622
                        },
                        {
                            "x": 1085.2725,
                            "y": 497.7622
                        },
                        {
                            "x": 1085.2725,
                            "y": 577.1218
                        },
                        {
                            "x": 980.7892,
                            "y": 577.1218
                        }
                    ],
                    "rotation": 0
                },
                "className": "Car"
            }
        ]
    }
]