[
    {
        "instances": [
            {
                "id": "6f6a1b63-f18b-488f-98cb-b5b1b1dd9a54",
                "type": "BOUNDING_BOX",
                "contour": {
                    "area": 8396,
                    "points": [
                        {
                            "x": 975.7892,
                            "y": 499.7622
                        },
                        {
                            "x": 1080.2725,
                            "y": 499.7622
                        },
                        {
                            "x": 1080.2725,
                            "y": 580.1218
                        },
                        {
                            "x": 975.7892,
                            "y": 580.1218
                        }
                    ],
                    "rotation": 0
                },
                "className": "Car"
            }
        ]
    }
]