[
    {
        "instances": [
            {
                "id": "6de4a86e-678b-4125-94a0-7edce3441f99",
                "type": "BOUNDING_BOX",
                "contour": {
                    "area": 8396,
                    "points": [
                        {
                            "x": 975.7892,
                            "y": 500.7622
                        },
                        {
                            "x": 1080.2725,
                            "y": 500.7622
                        },
                        {
                            "x": 1080.2725,
                            "y": 581.1218
                        },
                        {
                            "x": 975.7892,
                            "y": 581.1218
                        }
                    ],
                    "rotation": 0
                },
                "className": "Car"
            }
        ]
    }
]