[
    {
        "instances": [
            {
                "id": "01d1d9a7-c68f-4a37-ab06-c092cf998e8a",
                "type": "BOUNDING_BOX",
                "contour": {
                    "area": 8983,
                    "points": [
                        {
                            "x": 975.7892,
                            "y": 499.7622
                        },
                        {
                            "x": 1082.2725,
                            "y": 499.7622
                        },
                        {
                            "x": 1082.2725,
                            "y": 584.1218
                        },
                        {
                            "x": 975.7892,
                            "y": 584.1218
                        }
                    ],
                    "rotation": 0
                },
                "className": "Car"
            }
        ]
    }
]