[
    {
        "instances": [
            {
                "id": "8f554f0b-79eb-4d45-8282-61188d813785",
                "type": "BOUNDING_BOX",
                "contour": {
                    "area": 8396,
                    "points": [
                        {
                            "x": 975.7892,
                            "y": 500.7622
                        },
                        {
                            "x": 1080.2725,
                            "y": 500.7622
                        },
                        {
                            "x": 1080.2725,
                            "y": 581.1218
                        },
                        {
                            "x": 975.7892,
                            "y": 581.1218
                        }
                    ],
                    "rotation": 0
                },
                "className": "Car"
            }
        ]
    }
]