[
    {
        "instances": [
            {
                "id": "50a12bda-1766-419b-a23f-4a3feba579ad",
                "type": "BOUNDING_BOX",
                "contour": {
                    "area": 8983,
                    "points": [
                        {
                            "x": 975.7892,
                            "y": 502.7622
                        },
                        {
                            "x": 1082.2725,
                            "y": 502.7622
                        },
                        {
                            "x": 1082.2725,
                            "y": 587.1218
                        },
                        {
                            "x": 975.7892,
                            "y": 587.1218
                        }
                    ],
                    "rotation": 0
                },
                "className": "Car"
            }
        ]
    }
]