[
    {
        "instances": [
            {
                "id": "ec00c152-25d7-49b8-967f-446651db88b8",
                "type": "BOUNDING_BOX",
                "contour": {
                    "area": 8983,
                    "points": [
                        {
                            "x": 974.7892,
                            "y": 496.7622
                        },
                        {
                            "x": 1081.2725,
                            "y": 496.7622
                        },
                        {
                            "x": 1081.2725,
                            "y": 581.1218
                        },
                        {
                            "x": 974.7892,
                            "y": 581.1218
                        }
                    ],
                    "rotation": 0
                },
                "className": "Car"
            }
        ]
    }
]