[
    {
        "instances": [
            {
                "id": "3ed1fbf6-5a3d-4c82-825d-be527d0a30a6",
                "type": "BOUNDING_BOX",
                "contour": {
                    "area": 8983,
                    "points": [
                        {
                            "x": 974.7892,
                            "y": 496.7622
                        },
                        {
                            "x": 1081.2725,
                            "y": 496.7622
                        },
                        {
                            "x": 1081.2725,
                            "y": 581.1218
                        },
                        {
                            "x": 974.7892,
                            "y": 581.1218
                        }
                    ],
                    "rotation": 0
                },
                "className": "Car"
            }
        ]
    }
]