[
    {
        "instances": [
            {
                "id": "b563f8cc-43f4-4d3c-801b-1a72074f1889",
                "type": "BOUNDING_BOX",
                "contour": {
                    "area": 8983,
                    "points": [
                        {
                            "x": 974.7892,
                            "y": 496.7622
                        },
                        {
                            "x": 1081.2725,
                            "y": 496.7622
                        },
                        {
                            "x": 1081.2725,
                            "y": 581.1218
                        },
                        {
                            "x": 974.7892,
                            "y": 581.1218
                        }
                    ],
                    "rotation": 0
                },
                "className": "Car"
            }
        ]
    }
]