[
    {
        "instances": [
            {
                "id": "51f92037-9d05-4076-8e9a-d24bdbe5bb2b",
                "type": "BOUNDING_BOX",
                "contour": {
                    "area": 8396,
                    "points": [
                        {
                            "x": 975.7892,
                            "y": 499.7622
                        },
                        {
                            "x": 1080.2725,
                            "y": 499.7622
                        },
                        {
                            "x": 1080.2725,
                            "y": 580.1218
                        },
                        {
                            "x": 975.7892,
                            "y": 580.1218
                        }
                    ],
                    "rotation": 0
                },
                "className": "Car"
            }
        ]
    }
]