[
    {
        "instances": [
            {
                "id": "8a61f14b-ad2b-47c3-8b31-023c683bb8d9",
                "type": "3D_BOX",
                "contour": {
                    "center3D": {
                        "x": 28.7844,
                        "y": 0.0307,
                        "z": 0.493
                    },
                    "pointN": 120,
                    "rotation3D": {
                        "x": 0,
                        "y": 0,
                        "z": -0.027
                    },
                    "size3D": {
                        "x": 4.2477,
                        "y": 2.0224,
                        "z": 1.5012
                    }
                },
                "className": "Car"
            }
        ]
    }
]