[
    {
        "instances": [
            {
                "id": "d6c7b7e5-0601-4eb5-ac2b-0ff7e86fabff",
                "type": "3D_BOX",
                "contour": {
                    "center3D": {
                        "x": 28.0463,
                        "y": 0.2687,
                        "z": 0.3339
                    },
                    "pointN": 120,
                    "rotation3D": {
                        "x": 0,
                        "y": 0,
                        "z": -0.027
                    },
                    "size3D": {
                        "x": 4.2477,
                        "y": 2.0224,
                        "z": 1.5012
                    }
                },
                "className": "Car"
            }
        ]
    }
]