[
    {
        "instances": [
            {
                "id": "e6f22121-f215-42d6-a5cc-a824ad2634c5",
                "type": "3D_BOX",
                "contour": {
                    "center3D": {
                        "x": 30.0685,
                        "y": 0.0292,
                        "z": 0.4854
                    },
                    "pointN": 106,
                    "rotation3D": {
                        "x": 0,
                        "y": 0,
                        "z": -0.027
                    },
                    "size3D": {
                        "x": 4.2477,
                        "y": 2.0224,
                        "z": 1.5012
                    }
                },
                "className": "Car"
            }
        ]
    }
]