[
    {
        "instances": [
            {
                "id": "61e3657a-122c-486a-8aa1-9af67bd7c369",
                "type": "3D_BOX",
                "contour": {
                    "center3D": {
                        "x": 27.804,
                        "y": 0.2972,
                        "z": 0.2704
                    },
                    "pointN": 140,
                    "rotation3D": {
                        "x": 0,
                        "y": 0,
                        "z": -0.027
                    },
                    "size3D": {
                        "x": 4.2477,
                        "y": 2.0224,
                        "z": 1.5012
                    }
                },
                "className": "Car"
            }
        ]
    }
]