[
    {
        "instances": [
            {
                "id": "9753e133-db98-4fbc-80d9-dd9362cd18e1",
                "type": "3D_BOX",
                "contour": {
                    "center3D": {
                        "x": 29.1705,
                        "y": 0.0083,
                        "z": 0.2915
                    },
                    "pointN": 111,
                    "rotation3D": {
                        "x": 0,
                        "y": 0,
                        "z": -0.027
                    },
                    "size3D": {
                        "x": 4.2477,
                        "y": 2.0224,
                        "z": 1.5012
                    }
                },
                "className": "Car"
            }
        ]
    }
]