[
    {
        "instances": [
            {
                "id": "d24d4f9f-9760-4e84-b4a8-6a614dcd7c1b",
                "type": "3D_BOX",
                "contour": {
                    "center3D": {
                        "x": 27.7212,
                        "y": 0.3218,
                        "z": 0.3583
                    },
                    "pointN": 158,
                    "rotation3D": {
                        "x": 0,
                        "y": 0,
                        "z": -0.027
                    },
                    "size3D": {
                        "x": 4.2477,
                        "y": 2.0224,
                        "z": 1.5012
                    }
                },
                "className": "Car"
            }
        ]
    }
]