[
    {
        "instances": [
            {
                "id": "629675b3-db34-413e-9d77-b9b256cc04b6",
                "type": "3D_BOX",
                "contour": {
                    "center3D": {
                        "x": 27.7709,
                        "y": 0.3071,
                        "z": 0.3673
                    },
                    "pointN": 135,
                    "rotation3D": {
                        "x": 0,
                        "y": 0,
                        "z": -0.027
                    },
                    "size3D": {
                        "x": 4.2477,
                        "y": 2.0224,
                        "z": 1.5012
                    }
                },
                "className": "Car"
            }
        ]
    }
]