[
    {
        "instances": [
            {
                "id": "adf69062-db58-4e31-9bf3-4513c0fd879e",
                "type": "3D_BOX",
                "contour": {
                    "center3D": {
                        "x": 29.812,
                        "y": 0.0771,
                        "z": 0.3931
                    },
                    "pointN": 101,
                    "rotation3D": {
                        "x": 0,
                        "y": 0,
                        "z": -0.027
                    },
                    "size3D": {
                        "x": 4.2477,
                        "y": 2.0224,
                        "z": 1.5012
                    }
                },
                "className": "Car"
            }
        ]
    }
]