[
    {
        "instances": [
            {
                "id": "3137452d-a470-44de-8765-eac191e75bee",
                "type": "3D_BOX",
                "contour": {
                    "center3D": {
                        "x": 30.8924,
                        "y": 0.0821,
                        "z": 0.1122
                    },
                    "pointN": 117,
                    "rotation3D": {
                        "x": 0,
                        "y": 0,
                        "z": -0.027
                    },
                    "size3D": {
                        "x": 4.2477,
                        "y": 2.0224,
                        "z": 1.5012
                    }
                },
                "className": "Car"
            }
        ]
    }
]