[
    {
        "instances": [
            {
                "id": "13abf439-ae03-4175-adea-eaad48f5537f",
                "type": "3D_BOX",
                "contour": {
                    "center3D": {
                        "x": 28.1916,
                        "y": 0.2515,
                        "z": 0.372
                    },
                    "pointN": 117,
                    "rotation3D": {
                        "x": 0,
                        "y": 0,
                        "z": -0.027
                    },
                    "size3D": {
                        "x": 4.2477,
                        "y": 2.0224,
                        "z": 1.5012
                    }
                },
                "className": "Car"
            }
        ]
    }
]