[
    {
        "instances": [
            {
                "id": "a5f2c0eb-c388-45d3-a1af-ffd0c67d6c1f",
                "type": "3D_BOX",
                "contour": {
                    "center3D": {
                        "x": 30.5516,
                        "y": 0.0508,
                        "z": 0.2323
                    },
                    "pointN": 115,
                    "rotation3D": {
                        "x": 0,
                        "y": 0,
                        "z": -0.027
                    },
                    "size3D": {
                        "x": 4.2477,
                        "y": 2.0224,
                        "z": 1.5012
                    }
                },
                "className": "Car"
            }
        ]
    }
]