[
    {
        "instances": [
            {
                "id": "7221bc04-810e-47c4-a230-196aacdaa8cf",
                "type": "3D_BOX",
                "contour": {
                    "center3D": {
                        "x": 28.8432,
                        "y": 0.0195,
                        "z": 0.5211
                    },
                    "pointN": 103,
                    "rotation3D": {
                        "x": 0,
                        "y": 0,
                        "z": -0.027
                    },
                    "size3D": {
                        "x": 4.2477,
                        "y": 2.0224,
                        "z": 1.5012
                    }
                },
                "className": "Car"
            }
        ]
    }
]