[
    {
        "instances": [
            {
                "id": "7888ec7c-8ca4-4705-b9da-e4e1b8c11407",
                "type": "3D_BOX",
                "contour": {
                    "center3D": {
                        "x": 28.9608,
                        "y": -0.0028,
                        "z": 0.5772
                    },
                    "pointN": 101,
                    "rotation3D": {
                        "x": 0,
                        "y": 0,
                        "z": -0.027
                    },
                    "size3D": {
                        "x": 4.2477,
                        "y": 2.0224,
                        "z": 1.5012
                    }
                },
                "className": "Car"
            }
        ]
    }
]