[
    {
        "instances": [
            {
                "id": "feaddfeb-8899-444e-a5a1-786183cbaea1",
                "type": "3D_BOX",
                "contour": {
                    "center3D": {
                        "x": 30.31,
                        "y": 0.04,
                        "z": 0.3829
                    },
                    "pointN": 107,
                    "rotation3D": {
                        "x": 0,
                        "y": 0,
                        "z": -0.027
                    },
                    "size3D": {
                        "x": 4.2477,
                        "y": 2.0224,
                        "z": 1.5012
                    }
                },
                "className": "Car"
            }
        ]
    }
]