[
    {
        "instances": [
            {
                "id": "28c82842-e6a4-4a97-8f64-c62bdf6d36f3",
                "type": "3D_BOX",
                "contour": {
                    "center3D": {
                        "x": 30.8437,
                        "y": 0.0776,
                        "z": 0.1294
                    },
                    "pointN": 121,
                    "rotation3D": {
                        "x": 0,
                        "y": 0,
                        "z": -0.027
                    },
                    "size3D": {
                        "x": 4.2477,
                        "y": 2.0224,
                        "z": 1.5012
                    }
                },
                "className": "Car"
            }
        ]
    }
]