[
    {
        "instances": [
            {
                "id": "13956310-dbf4-4288-9ec0-1b64624f8d21",
                "type": "3D_BOX",
                "contour": {
                    "center3D": {
                        "x": 30.649,
                        "y": 0.0598,
                        "z": 0.198
                    },
                    "pointN": 119,
                    "rotation3D": {
                        "x": 0,
                        "y": 0,
                        "z": -0.027
                    },
                    "size3D": {
                        "x": 4.2477,
                        "y": 2.0224,
                        "z": 1.5012
                    }
                },
                "className": "Car"
            }
        ]
    }
]