[
    {
        "instances": [
            {
                "id": "e855f5a2-6048-4129-8e60-0f8df36c7374",
                "type": "3D_BOX",
                "contour": {
                    "center3D": {
                        "x": 30.3906,
                        "y": 0.0436,
                        "z": 0.3327
                    },
                    "pointN": 116,
                    "rotation3D": {
                        "x": 0,
                        "y": 0,
                        "z": -0.027
                    },
                    "size3D": {
                        "x": 4.2477,
                        "y": 2.0224,
                        "z": 1.5012
                    }
                },
                "className": "Car"
            }
        ]
    }
]