[
    {
        "instances": [
            {
                "id": "67310402-1dfe-4851-8ce8-6d1fc2801704",
                "type": "3D_BOX",
                "contour": {
                    "center3D": {
                        "x": 27.7378,
                        "y": 0.3169,
                        "z": 0.3613
                    },
                    "pointN": 152,
                    "rotation3D": {
                        "x": 0,
                        "y": 0,
                        "z": -0.027
                    },
                    "size3D": {
                        "x": 4.2477,
                        "y": 2.0224,
                        "z": 1.5012
                    }
                },
                "className": "Car"
            }
        ]
    }
]