[
    {
        "instances": [
            {
                "id": "ec9f6a76-d3fe-4e96-b5e4-7eff73eed4b3",
                "type": "3D_BOX",
                "contour": {
                    "center3D": {
                        "x": 27.684,
                        "y": 0.4383,
                        "z": 0.414
                    },
                    "pointN": 124,
                    "rotation3D": {
                        "x": 0,
                        "y": 0,
                        "z": -0.027
                    },
                    "size3D": {
                        "x": 4.2477,
                        "y": 2.0224,
                        "z": 1.5012
                    }
                },
                "className": "Car"
            }
        ]
    }
]