[
    {
        "instances": [
            {
                "id": "76c9c46a-578e-4325-9531-deb9dec2f7eb",
                "type": "3D_BOX",
                "contour": {
                    "center3D": {
                        "x": 27.7047,
                        "y": 0.3267,
                        "z": 0.3553
                    },
                    "pointN": 164,
                    "rotation3D": {
                        "x": 0,
                        "y": 0,
                        "z": -0.027
                    },
                    "size3D": {
                        "x": 4.2477,
                        "y": 2.0224,
                        "z": 1.5012
                    }
                },
                "className": "Car"
            }
        ]
    }
]