[
    {
        "instances": [
            {
                "id": "7a120c3f-7b42-4dd7-9562-32bc8bdd94e6",
                "type": "3D_BOX",
                "contour": {
                    "center3D": {
                        "x": 28.4903,
                        "y": 0.0865,
                        "z": 0.3527
                    },
                    "pointN": 109,
                    "rotation3D": {
                        "x": 0,
                        "y": 0,
                        "z": -0.027
                    },
                    "size3D": {
                        "x": 4.2477,
                        "y": 2.0224,
                        "z": 1.5012
                    }
                },
                "className": "Car"
            }
        ]
    }
]