[
    {
        "instances": [
            {
                "id": "de811aff-b142-4a90-b331-92256c6f8a72",
                "type": "3D_BOX",
                "contour": {
                    "center3D": {
                        "x": 30.7464,
                        "y": 0.0687,
                        "z": 0.1637
                    },
                    "pointN": 102,
                    "rotation3D": {
                        "x": 0,
                        "y": 0,
                        "z": -0.027
                    },
                    "size3D": {
                        "x": 4.2477,
                        "y": 2.0224,
                        "z": 1.5012
                    }
                },
                "className": "Car"
            }
        ]
    }
]