[
    {
        "instances": [
            {
                "id": "ce7862b2-969b-458f-b6cc-7f897960818a",
                "type": "3D_BOX",
                "contour": {
                    "center3D": {
                        "x": 28.3036,
                        "y": 0.1896,
                        "z": 0.3648
                    },
                    "pointN": 114,
                    "rotation3D": {
                        "x": 0,
                        "y": 0,
                        "z": -0.027
                    },
                    "size3D": {
                        "x": 4.2477,
                        "y": 2.0224,
                        "z": 1.5012
                    }
                },
                "className": "Car"
            }
        ]
    }
]