[
    {
        "instances": [
            {
                "id": "e3f240da-3393-4a24-9dcf-e069e34ad118",
                "type": "3D_BOX",
                "contour": {
                    "center3D": {
                        "x": 27.6319,
                        "y": 0.4106,
                        "z": 0.2869
                    },
                    "pointN": 117,
                    "rotation3D": {
                        "x": 0,
                        "y": 0,
                        "z": -0.027
                    },
                    "size3D": {
                        "x": 4.2477,
                        "y": 2.0224,
                        "z": 1.5012
                    }
                },
                "className": "Car"
            }
        ]
    }
]