[
    {
        "instances": [
            {
                "id": "4823b4d1-9bb4-4ab0-b5fa-c449556a7eda",
                "type": "3D_BOX",
                "contour": {
                    "center3D": {
                        "x": 27.8525,
                        "y": 0.2915,
                        "z": 0.2831
                    },
                    "pointN": 127,
                    "rotation3D": {
                        "x": 0,
                        "y": 0,
                        "z": -0.027
                    },
                    "size3D": {
                        "x": 4.2477,
                        "y": 2.0224,
                        "z": 1.5012
                    }
                },
                "className": "Car"
            }
        ]
    }
]