[
    {
        "instances": [
            {
                "id": "a6077c95-4507-420e-8fe4-12152e735e23",
                "type": "3D_BOX",
                "contour": {
                    "center3D": {
                        "x": 29.3103,
                        "y": 0.0156,
                        "z": 0.101
                    },
                    "pointN": 121,
                    "rotation3D": {
                        "x": 0,
                        "y": 0,
                        "z": -0.027
                    },
                    "size3D": {
                        "x": 4.2477,
                        "y": 2.0224,
                        "z": 1.5012
                    }
                },
                "className": "Car"
            }
        ]
    }
]