[
    {
        "instances": [
            {
                "id": "ba51b35c-8026-4913-be19-fc9e3b17ca37",
                "type": "3D_BOX",
                "contour": {
                    "center3D": {
                        "x": 27.6881,
                        "y": 0.3316,
                        "z": 0.3523
                    },
                    "pointN": 161,
                    "rotation3D": {
                        "x": 0,
                        "y": 0,
                        "z": -0.027
                    },
                    "size3D": {
                        "x": 4.2477,
                        "y": 2.0224,
                        "z": 1.5012
                    }
                },
                "className": "Car"
            }
        ]
    }
]