[
    {
        "instances": [
            {
                "id": "a1b90c43-a8f7-4cdd-94c8-e3b1c78b7f4c",
                "type": "3D_BOX",
                "contour": {
                    "center3D": {
                        "x": 30.2295,
                        "y": 0.0364,
                        "z": 0.4331
                    },
                    "pointN": 113,
                    "rotation3D": {
                        "x": 0,
                        "y": 0,
                        "z": -0.027
                    },
                    "size3D": {
                        "x": 4.2477,
                        "y": 2.0224,
                        "z": 1.5012
                    }
                },
                "className": "Car"
            }
        ]
    }
]