[
    {
        "instances": [
            {
                "id": "55ede1e2-65fa-4a4d-88a7-e570d61fd289",
                "type": "3D_BOX",
                "contour": {
                    "center3D": {
                        "x": 27.7875,
                        "y": 0.3022,
                        "z": 0.3703
                    },
                    "pointN": 138,
                    "rotation3D": {
                        "x": 0,
                        "y": 0,
                        "z": -0.027
                    },
                    "size3D": {
                        "x": 4.2477,
                        "y": 2.0224,
                        "z": 1.5012
                    }
                },
                "className": "Car"
            }
        ]
    }
]