[
    {
        "instances": [
            {
                "id": "f63a6934-7878-43d7-a0cc-a328f22d5b5e",
                "type": "3D_BOX",
                "contour": {
                    "center3D": {
                        "x": 27.6402,
                        "y": 0.4205,
                        "z": 0.2863
                    },
                    "pointN": 137,
                    "rotation3D": {
                        "x": 0,
                        "y": 0,
                        "z": -0.027
                    },
                    "size3D": {
                        "x": 4.2477,
                        "y": 2.0224,
                        "z": 1.5012
                    }
                },
                "className": "Car"
            }
        ]
    }
]