[
    {
        "instances": [
            {
                "id": "cfaabae5-06f8-4a32-924b-c28729121831",
                "type": "3D_BOX",
                "contour": {
                    "center3D": {
                        "x": 28.3783,
                        "y": 0.1483,
                        "z": 0.3599
                    },
                    "pointN": 109,
                    "rotation3D": {
                        "x": 0,
                        "y": 0,
                        "z": -0.027
                    },
                    "size3D": {
                        "x": 4.2477,
                        "y": 2.0224,
                        "z": 1.5012
                    }
                },
                "className": "Car"
            }
        ]
    }
]