[
    {
        "instances": [
            {
                "id": "2e1bc47f-974c-4f3e-8f4d-16b05fb0f6d9",
                "type": "3D_BOX",
                "contour": {
                    "center3D": {
                        "x": 27.9978,
                        "y": 0.2744,
                        "z": 0.3212
                    },
                    "pointN": 136,
                    "rotation3D": {
                        "x": 0,
                        "y": 0,
                        "z": -0.027
                    },
                    "size3D": {
                        "x": 4.2477,
                        "y": 2.0224,
                        "z": 1.5012
                    }
                },
                "className": "Car"
            }
        ]
    }
]