[
    {
        "instances": [
            {
                "id": "5af18e2b-a1e8-47ab-ae19-4e91940e206c",
                "type": "3D_BOX",
                "contour": {
                    "center3D": {
                        "x": 29.7643,
                        "y": 0.1046,
                        "z": 0.3448
                    },
                    "pointN": 105,
                    "rotation3D": {
                        "x": 0,
                        "y": 0,
                        "z": -0.027
                    },
                    "size3D": {
                        "x": 4.2477,
                        "y": 2.0224,
                        "z": 1.5012
                    }
                },
                "className": "Car"
            }
        ]
    }
]