[
    {
        "instances": [
            {
                "id": "b56a8fa4-4fdc-4fb6-8502-1e9b33f294df",
                "type": "3D_BOX",
                "contour": {
                    "center3D": {
                        "x": 28.0947,
                        "y": 0.2629,
                        "z": 0.3466
                    },
                    "pointN": 125,
                    "rotation3D": {
                        "x": 0,
                        "y": 0,
                        "z": -0.027
                    },
                    "size3D": {
                        "x": 4.2477,
                        "y": 2.0224,
                        "z": 1.5012
                    }
                },
                "className": "Car"
            }
        ]
    }
]