[
    {
        "instances": [
            {
                "id": "0f4e38e0-54d5-4860-8a7c-abd8148faf17",
                "type": "3D_BOX",
                "contour": {
                    "center3D": {
                        "x": 28.5491,
                        "y": 0.0753,
                        "z": 0.3807
                    },
                    "pointN": 108,
                    "rotation3D": {
                        "x": 0,
                        "y": 0,
                        "z": -0.027
                    },
                    "size3D": {
                        "x": 4.2477,
                        "y": 2.0224,
                        "z": 1.5012
                    }
                },
                "className": "Car"
            }
        ]
    }
]