[
    {
        "instances": [
            {
                "id": "bb50f704-819c-471d-b486-b7c664cedeca",
                "type": "3D_BOX",
                "contour": {
                    "center3D": {
                        "x": 28.6667,
                        "y": 0.053,
                        "z": 0.4369
                    },
                    "pointN": 112,
                    "rotation3D": {
                        "x": 0,
                        "y": 0,
                        "z": -0.027
                    },
                    "size3D": {
                        "x": 4.2477,
                        "y": 2.0224,
                        "z": 1.5012
                    }
                },
                "className": "Car"
            }
        ]
    }
]