[
    {
        "instances": [
            {
                "id": "4e606370-6905-4924-ad9e-23e2276c224b",
                "type": "3D_BOX",
                "contour": {
                    "center3D": {
                        "x": 29.9074,
                        "y": 0.022,
                        "z": 0.4897
                    },
                    "pointN": 98,
                    "rotation3D": {
                        "x": 0,
                        "y": 0,
                        "z": -0.027
                    },
                    "size3D": {
                        "x": 4.2477,
                        "y": 2.0224,
                        "z": 1.5012
                    }
                },
                "className": "Car"
            }
        ]
    }
]