[
    {
        "instances": [
            {
                "id": "55e07259-f436-4a00-97ab-b05b578ac590",
                "type": "3D_BOX",
                "contour": {
                    "center3D": {
                        "x": 27.7101,
                        "y": 0.4522,
                        "z": 0.3976
                    },
                    "pointN": 121,
                    "rotation3D": {
                        "x": 0,
                        "y": 0,
                        "z": -0.027
                    },
                    "size3D": {
                        "x": 4.2477,
                        "y": 2.0224,
                        "z": 1.5012
                    }
                },
                "className": "Car"
            }
        ]
    }
]