[
    {
        "instances": [
            {
                "id": "13892706-89f5-494a-9b57-4854afd34151",
                "type": "3D_BOX",
                "contour": {
                    "center3D": {
                        "x": 27.6715,
                        "y": 0.3366,
                        "z": 0.3493
                    },
                    "pointN": 161,
                    "rotation3D": {
                        "x": 0,
                        "y": 0,
                        "z": -0.027
                    },
                    "size3D": {
                        "x": 4.2477,
                        "y": 2.0224,
                        "z": 1.5012
                    }
                },
                "className": "Car"
            }
        ]
    }
]