[
    {
        "instances": [
            {
                "id": "472490c6-2b93-4c25-9d2a-6ef04380e759",
                "type": "3D_BOX",
                "contour": {
                    "center3D": {
                        "x": 27.9494,
                        "y": 0.2801,
                        "z": 0.3085
                    },
                    "pointN": 121,
                    "rotation3D": {
                        "x": 0,
                        "y": 0,
                        "z": -0.027
                    },
                    "size3D": {
                        "x": 4.2477,
                        "y": 2.0224,
                        "z": 1.5012
                    }
                },
                "className": "Car"
            }
        ]
    }
]