[
    {
        "instances": [
            {
                "id": "3b5089f5-10ac-4b2f-b4cb-6f2bac17c4de",
                "type": "3D_BOX",
                "contour": {
                    "center3D": {
                        "x": 29.0307,
                        "y": 0.0009,
                        "z": 0.482
                    },
                    "pointN": 109,
                    "rotation3D": {
                        "x": 0,
                        "y": 0,
                        "z": -0.027
                    },
                    "size3D": {
                        "x": 4.2477,
                        "y": 2.0224,
                        "z": 1.5012
                    }
                },
                "className": "Car"
            }
        ]
    }
]