[
    {
        "instances": [
            {
                "id": "79eb7aec-b129-4a46-b8d9-abc570d22a09",
                "type": "3D_BOX",
                "contour": {
                    "center3D": {
                        "x": 29.7155,
                        "y": 0.089,
                        "z": 0.3066
                    },
                    "pointN": 102,
                    "rotation3D": {
                        "x": 0,
                        "y": 0,
                        "z": -0.027
                    },
                    "size3D": {
                        "x": 4.2477,
                        "y": 2.0224,
                        "z": 1.5012
                    }
                },
                "className": "Car"
            }
        ]
    }
]