[
    {
        "instances": [
            {
                "id": "f2f04e1f-2d81-49fc-986b-8eb24bb0c9b8",
                "type": "3D_BOX",
                "contour": {
                    "center3D": {
                        "x": 27.658,
                        "y": 0.4244,
                        "z": 0.3505
                    },
                    "pointN": 134,
                    "rotation3D": {
                        "x": 0,
                        "y": 0,
                        "z": -0.027
                    },
                    "size3D": {
                        "x": 4.2477,
                        "y": 2.0224,
                        "z": 1.5012
                    }
                },
                "className": "Car"
            }
        ]
    }
]