[
    {
        "instances": [
            {
                "id": "b4514d40-b9a6-4bed-bbff-a5be6349057f",
                "type": "3D_BOX",
                "contour": {
                    "center3D": {
                        "x": 28.341,
                        "y": 0.169,
                        "z": 0.3623
                    },
                    "pointN": 110,
                    "rotation3D": {
                        "x": 0,
                        "y": 0,
                        "z": -0.027
                    },
                    "size3D": {
                        "x": 4.2477,
                        "y": 2.0224,
                        "z": 1.5012
                    }
                },
                "className": "Car"
            }
        ]
    }
]