[
    {
        "instances": [
            {
                "id": "801f4ca0-0d2e-4fe2-baf1-9ee1706bcc5c",
                "type": "3D_BOX",
                "contour": {
                    "center3D": {
                        "x": 27.9009,
                        "y": 0.2858,
                        "z": 0.2958
                    },
                    "pointN": 120,
                    "rotation3D": {
                        "x": 0,
                        "y": 0,
                        "z": -0.027
                    },
                    "size3D": {
                        "x": 4.2477,
                        "y": 2.0224,
                        "z": 1.5012
                    }
                },
                "className": "Car"
            }
        ]
    }
]