[
    {
        "instances": [
            {
                "id": "11561937-9e52-45e4-8157-8d9cbd667a59",
                "type": "3D_BOX",
                "contour": {
                    "center3D": {
                        "x": 29.5689,
                        "y": 0.0423,
                        "z": 0.1668
                    },
                    "pointN": 115,
                    "rotation3D": {
                        "x": 0,
                        "y": 0,
                        "z": -0.027
                    },
                    "size3D": {
                        "x": 4.2477,
                        "y": 2.0224,
                        "z": 1.5012
                    }
                },
                "className": "Car"
            }
        ]
    }
]