[
    {
        "instances": [
            {
                "id": "477fd782-d664-4181-a3f6-8e341eba8d65",
                "type": "3D_BOX",
                "contour": {
                    "center3D": {
                        "x": 27.7543,
                        "y": 0.312,
                        "z": 0.3643
                    },
                    "pointN": 154,
                    "rotation3D": {
                        "x": 0,
                        "y": 0,
                        "z": -0.027
                    },
                    "size3D": {
                        "x": 4.2477,
                        "y": 2.0224,
                        "z": 1.5012
                    }
                },
                "className": "Car"
            }
        ]
    }
]