[
    {
        "instances": [
            {
                "id": "0d220329-8f88-43a1-8ed7-5eb789f96693",
                "type": "3D_BOX",
                "contour": {
                    "center3D": {
                        "x": 28.1432,
                        "y": 0.2572,
                        "z": 0.3593
                    },
                    "pointN": 118,
                    "rotation3D": {
                        "x": 0,
                        "y": 0,
                        "z": -0.027
                    },
                    "size3D": {
                        "x": 4.2477,
                        "y": 2.0224,
                        "z": 1.5012
                    }
                },
                "className": "Car"
            }
        ]
    }
]