[
    {
        "instances": [
            {
                "id": "1f442c31-18cd-40cf-af37-0a78dbef00ca",
                "type": "3D_BOX",
                "contour": {
                    "center3D": {
                        "x": 29.6177,
                        "y": 0.0578,
                        "z": 0.23
                    },
                    "pointN": 103,
                    "rotation3D": {
                        "x": 0,
                        "y": 0,
                        "z": -0.027
                    },
                    "size3D": {
                        "x": 4.2477,
                        "y": 2.0224,
                        "z": 1.5012
                    }
                },
                "className": "Car"
            }
        ]
    }
]