[
    {
        "instances": [
            {
                "id": "5c7be4b8-2bac-4551-9e70-6f1c20d4f9a5",
                "type": "3D_BOX",
                "contour": {
                    "center3D": {
                        "x": 28.902,
                        "y": 0.0084,
                        "z": 0.5492
                    },
                    "pointN": 107,
                    "rotation3D": {
                        "x": 0,
                        "y": 0,
                        "z": -0.027
                    },
                    "size3D": {
                        "x": 4.2477,
                        "y": 2.0224,
                        "z": 1.5012
                    }
                },
                "className": "Car"
            }
        ]
    }
]