[
    {
        "instances": [
            {
                "id": "49fe81be-817f-4dd5-847a-87a864447a59",
                "type": "3D_BOX",
                "contour": {
                    "center3D": {
                        "x": 30.149,
                        "y": 0.0328,
                        "z": 0.4832
                    },
                    "pointN": 102,
                    "rotation3D": {
                        "x": 0,
                        "y": 0,
                        "z": -0.027
                    },
                    "size3D": {
                        "x": 4.2477,
                        "y": 2.0224,
                        "z": 1.5012
                    }
                },
                "className": "Car"
            }
        ]
    }
]