[
    {
        "instances": [
            {
                "id": "d1a25c91-d1c5-47f2-9660-235795f8fd7c",
                "type": "3D_BOX",
                "contour": {
                    "center3D": {
                        "x": 29.6666,
                        "y": 0.0734,
                        "z": 0.2683
                    },
                    "pointN": 103,
                    "rotation3D": {
                        "x": 0,
                        "y": 0,
                        "z": -0.027
                    },
                    "size3D": {
                        "x": 4.2477,
                        "y": 2.0224,
                        "z": 1.5012
                    }
                },
                "className": "Car"
            }
        ]
    }
]