[
    {
        "instances": [
            {
                "id": "a683ca31-b1ad-4956-a5d5-6ab5530da2e9",
                "type": "3D_BOX",
                "contour": {
                    "center3D": {
                        "x": 30.6003,
                        "y": 0.0553,
                        "z": 0.2152
                    },
                    "pointN": 115,
                    "rotation3D": {
                        "x": 0,
                        "y": 0,
                        "z": -0.027
                    },
                    "size3D": {
                        "x": 4.2477,
                        "y": 2.0224,
                        "z": 1.5012
                    }
                },
                "className": "Car"
            }
        ]
    }
]