[
    {
        "instances": [
            {
                "id": "b230d539-59dd-4698-83fb-2c76f9b65540",
                "type": "3D_BOX",
                "contour": {
                    "center3D": {
                        "x": 28.4157,
                        "y": 0.1277,
                        "z": 0.3575
                    },
                    "pointN": 109,
                    "rotation3D": {
                        "x": 0,
                        "y": 0,
                        "z": -0.027
                    },
                    "size3D": {
                        "x": 4.2477,
                        "y": 2.0224,
                        "z": 1.5012
                    }
                },
                "className": "Car"
            }
        ]
    }
]