[
    {
        "instances": [
            {
                "id": "aab2d318-c4b1-4811-b195-9418953674ff",
                "type": "3D_BOX",
                "contour": {
                    "center3D": {
                        "x": 28.7255,
                        "y": 0.0418,
                        "z": 0.4649
                    },
                    "pointN": 109,
                    "rotation3D": {
                        "x": 0,
                        "y": 0,
                        "z": -0.027
                    },
                    "size3D": {
                        "x": 4.2477,
                        "y": 2.0224,
                        "z": 1.5012
                    }
                },
                "className": "Car"
            }
        ]
    }
]