[
    {
        "instances": [
            {
                "id": "4a2a5e05-7694-47c1-9aec-2cb46ab83b43",
                "type": "3D_BOX",
                "contour": {
                    "center3D": {
                        "x": 30.4711,
                        "y": 0.0472,
                        "z": 0.2825
                    },
                    "pointN": 119,
                    "rotation3D": {
                        "x": 0,
                        "y": 0,
                        "z": -0.027
                    },
                    "size3D": {
                        "x": 4.2477,
                        "y": 2.0224,
                        "z": 1.5012
                    }
                },
                "className": "Car"
            }
        ]
    }
]