[
    {
        "instances": [
            {
                "id": "10ef5e8f-bf86-4ef4-89f8-c47ed777b83f",
                "type": "3D_BOX",
                "contour": {
                    "center3D": {
                        "x": 29.52,
                        "y": 0.0267,
                        "z": 0.1035
                    },
                    "pointN": 113,
                    "rotation3D": {
                        "x": 0,
                        "y": 0,
                        "z": -0.027
                    },
                    "size3D": {
                        "x": 4.2477,
                        "y": 2.0224,
                        "z": 1.5012
                    }
                },
                "className": "Car"
            }
        ]
    }
]