[
    {
        "instances": [
            {
                "id": "f62568af-6501-4974-a054-f1d9f7c8c3e7",
                "type": "3D_BOX",
                "contour": {
                    "center3D": {
                        "x": 30.795,
                        "y": 0.0732,
                        "z": 0.1465
                    },
                    "pointN": 117,
                    "rotation3D": {
                        "x": 0,
                        "y": 0,
                        "z": -0.027
                    },
                    "size3D": {
                        "x": 4.2477,
                        "y": 2.0224,
                        "z": 1.5012
                    }
                },
                "className": "Car"
            }
        ]
    }
]