[
    {
        "instances": [
            {
                "id": "83dc77c3-b58f-46f8-8342-92d2fc81ed61",
                "type": "3D_BOX",
                "contour": {
                    "center3D": {
                        "x": 30.6977,
                        "y": 0.0642,
                        "z": 0.1808
                    },
                    "pointN": 111,
                    "rotation3D": {
                        "x": 0,
                        "y": 0,
                        "z": -0.027
                    },
                    "size3D": {
                        "x": 4.2477,
                        "y": 2.0224,
                        "z": 1.5012
                    }
                },
                "className": "Car"
            }
        ]
    }
]