[
    {
        "instances": [
            {
                "id": "43df0e65-fd98-4787-a7c1-23f22e3dbc5e",
                "type": "3D_BOX",
                "contour": {
                    "center3D": {
                        "x": 28.6079,
                        "y": 0.0642,
                        "z": 0.4088
                    },
                    "pointN": 109,
                    "rotation3D": {
                        "x": 0,
                        "y": 0,
                        "z": -0.027
                    },
                    "size3D": {
                        "x": 4.2477,
                        "y": 2.0224,
                        "z": 1.5012
                    }
                },
                "className": "Car"
            }
        ]
    }
]