[
    {
        "instances": [
            {
                "id": "97cc8db7-31c6-4b72-949f-213ad19c367b",
                "type": "3D_BOX",
                "contour": {
                    "center3D": {
                        "x": 27.6573,
                        "y": 0.4325,
                        "z": 0.3178
                    },
                    "pointN": 121,
                    "rotation3D": {
                        "x": 0,
                        "y": 0,
                        "z": -0.027
                    },
                    "size3D": {
                        "x": 4.2477,
                        "y": 2.0224,
                        "z": 1.5012
                    }
                },
                "className": "Car"
            }
        ]
    }
]