[
    {
        "instances": [
            {
                "id": "ca505809-8d6a-4b44-a83c-7a050f71a51e",
                "type": "3D_BOX",
                "contour": {
                    "center3D": {
                        "x": 28.453,
                        "y": 0.1071,
                        "z": 0.3551
                    },
                    "pointN": 107,
                    "rotation3D": {
                        "x": 0,
                        "y": 0,
                        "z": -0.027
                    },
                    "size3D": {
                        "x": 4.2477,
                        "y": 2.0224,
                        "z": 1.5012
                    }
                },
                "className": "Car"
            }
        ]
    }
]