[
    {
        "instances": [
            {
                "id": "27b285ee-de85-4fe9-8d69-e4d926f04afa",
                "type": "3D_BOX",
                "contour": {
                    "center3D": {
                        "x": 28.2663,
                        "y": 0.2102,
                        "z": 0.3672
                    },
                    "pointN": 108,
                    "rotation3D": {
                        "x": 0,
                        "y": 0,
                        "z": -0.027
                    },
                    "size3D": {
                        "x": 4.2477,
                        "y": 2.0224,
                        "z": 1.5012
                    }
                },
                "className": "Car"
            }
        ]
    }
]