[
    {
        "instances": [
            {
                "id": "ea360f4c-a354-4918-a16c-67d5102ff02e",
                "type": "3D_BOX",
                "contour": {
                    "center3D": {
                        "x": 29.8597,
                        "y": 0.0495,
                        "z": 0.4414
                    },
                    "pointN": 104,
                    "rotation3D": {
                        "x": 0,
                        "y": 0,
                        "z": -0.027
                    },
                    "size3D": {
                        "x": 4.2477,
                        "y": 2.0224,
                        "z": 1.5012
                    }
                },
                "className": "Car"
            }
        ]
    }
]