[
    {
        "instances": [
            {
                "id": "43ee7f23-8fa9-4cfb-a613-926d1da53de8",
                "type": "3D_BOX",
                "contour": {
                    "center3D": {
                        "x": 29.1006,
                        "y": 0.0046,
                        "z": 0.3867
                    },
                    "pointN": 111,
                    "rotation3D": {
                        "x": 0,
                        "y": 0,
                        "z": -0.027
                    },
                    "size3D": {
                        "x": 4.2477,
                        "y": 2.0224,
                        "z": 1.5012
                    }
                },
                "className": "Car"
            }
        ]
    }
]