[
    {
        "instances": [
            {
                "id": "ffb38c14-2d69-4269-8270-4a3e018f3632",
                "type": "3D_BOX",
                "contour": {
                    "center3D": {
                        "x": 27.623,
                        "y": 0.4086,
                        "z": 0.2548
                    },
                    "pointN": 124,
                    "rotation3D": {
                        "x": 0,
                        "y": 0,
                        "z": -0.027
                    },
                    "size3D": {
                        "x": 4.2477,
                        "y": 2.0224,
                        "z": 1.5012
                    }
                },
                "className": "Car"
            }
        ]
    }
]