[
    {
        "instances": [
            {
                "id": "3df6f50f-255b-48f7-8ccf-4306496872fe",
                "type": "3D_BOX",
                "contour": {
                    "center3D": {
                        "x": 28.229,
                        "y": 0.2309,
                        "z": 0.3696
                    },
                    "pointN": 106,
                    "rotation3D": {
                        "x": 0,
                        "y": 0,
                        "z": -0.027
                    },
                    "size3D": {
                        "x": 4.2477,
                        "y": 2.0224,
                        "z": 1.5012
                    }
                },
                "className": "Car"
            }
        ]
    }
]