[
    {
        "instances": [
            {
                "id": "a9234907-22f7-4e11-b62b-e86fa342996c",
                "type": "3D_BOX",
                "contour": {
                    "center3D": {
                        "x": 29.9879,
                        "y": 0.0256,
                        "z": 0.4875
                    },
                    "pointN": 107,
                    "rotation3D": {
                        "x": 0,
                        "y": 0,
                        "z": -0.027
                    },
                    "size3D": {
                        "x": 4.2477,
                        "y": 2.0224,
                        "z": 1.5012
                    }
                },
                "className": "Car"
            }
        ]
    }
]