[
    {
        "instances": [
            {
                "id": "67cc4848-8f4f-41c6-bd60-31a498d234e7",
                "type": "3D_BOX",
                "contour": {
                    "center3D": {
                        "x": 29.4501,
                        "y": 0.023,
                        "z": 0.1026
                    },
                    "pointN": 108,
                    "rotation3D": {
                        "x": 0,
                        "y": 0,
                        "z": -0.027
                    },
                    "size3D": {
                        "x": 4.2477,
                        "y": 2.0224,
                        "z": 1.5012
                    }
                },
                "className": "Car"
            }
        ]
    }
]