[
    {
        "instances": [
            {
                "id": "d4876cf7-87a9-472a-a4c7-3e1b1ab6bbf2",
                "type": "3D_BOX",
                "contour": {
                    "center3D": {
                        "x": 29.2404,
                        "y": 0.012,
                        "z": 0.1962
                    },
                    "pointN": 103,
                    "rotation3D": {
                        "x": 0,
                        "y": 0,
                        "z": -0.027
                    },
                    "size3D": {
                        "x": 4.2477,
                        "y": 2.0224,
                        "z": 1.5012
                    }
                },
                "className": "Car"
            }
        ]
    }
]