[
    {
        "instances": [
            {
                "id": "7ab509ec-28f5-4919-9617-30080749738c",
                "type": "3D_BOX",
                "contour": {
                    "center3D": {
                        "x": 29.3802,
                        "y": 0.0193,
                        "z": 0.1018
                    },
                    "pointN": 113,
                    "rotation3D": {
                        "x": 0,
                        "y": 0,
                        "z": -0.027
                    },
                    "size3D": {
                        "x": 4.2477,
                        "y": 2.0224,
                        "z": 1.5012
                    }
                },
                "className": "Car"
            }
        ]
    }
]