[
    {
        "instances": [
            {
                "id": "f584b0d1-3dba-4010-9a18-62850ec0800d",
                "type": "3D_BOX",
                "contour": {
                    "center3D": {
                        "x": 27.6059,
                        "y": 0.3967,
                        "z": 0.2233
                    },
                    "pointN": 143,
                    "rotation3D": {
                        "x": 0,
                        "y": 0,
                        "z": -0.027
                    },
                    "size3D": {
                        "x": 4.2477,
                        "y": 2.0224,
                        "z": 1.5012
                    }
                },
                "className": "Car"
            }
        ]
    }
]