[
    {
        "instances": [
            {
                "id": "852f0ed7-2750-4af8-9c18-4bd70f86c54e",
                "type": "BOUNDING_BOX",
                "contour": {
                    "area": 4070,
                    "points": [
                        {
                            "x": 1002,
                            "y": 504
                        },
                        {
                            "x": 1076,
                            "y": 504
                        },
                        {
                            "x": 1076,
                            "y": 559
                        },
                        {
                            "x": 1002,
                            "y": 559
                        }
                    ],
                    "rotation": 0
                },
                "className": "Car"
            }
        ]
    }
]