[
    {
        "instances": [
            {
                "id": "e5d66ac4-f475-4ff7-9000-d826497fa2e9",
                "type": "BOUNDING_BOX",
                "contour": {
                    "area": 4070,
                    "points": [
                        {
                            "x": 994,
                            "y": 503
                        },
                        {
                            "x": 1068,
                            "y": 503
                        },
                        {
                            "x": 1068,
                            "y": 558
                        },
                        {
                            "x": 994,
                            "y": 558
                        }
                    ],
                    "rotation": 0
                },
                "className": "Car"
            }
        ]
    }
]