[
    {
        "instances": [
            {
                "id": "815ea6c0-41ea-4df4-9a68-e8180a5b7627",
                "type": "BOUNDING_BOX",
                "contour": {
                    "area": 3588,
                    "points": [
                        {
                            "x": 1004,
                            "y": 504
                        },
                        {
                            "x": 1073,
                            "y": 504
                        },
                        {
                            "x": 1073,
                            "y": 556
                        },
                        {
                            "x": 1004,
                            "y": 556
                        }
                    ],
                    "rotation": 0
                },
                "className": "Car"
            }
        ]
    }
]