[
    {
        "instances": [
            {
                "id": "785ada80-d222-46e0-a09a-c97a4fe7d468",
                "type": "BOUNDING_BOX",
                "contour": {
                    "area": 4070,
                    "points": [
                        {
                            "x": 994,
                            "y": 503
                        },
                        {
                            "x": 1068,
                            "y": 503
                        },
                        {
                            "x": 1068,
                            "y": 558
                        },
                        {
                            "x": 994,
                            "y": 558
                        }
                    ],
                    "rotation": 0
                },
                "className": "Car"
            }
        ]
    }
]