[
    {
        "instances": [
            {
                "id": "cd57e07e-2bab-44b5-84f3-13076ce30738",
                "type": "BOUNDING_BOX",
                "contour": {
                    "area": 3350,
                    "points": [
                        {
                            "x": 1005,
                            "y": 509
                        },
                        {
                            "x": 1072,
                            "y": 509
                        },
                        {
                            "x": 1072,
                            "y": 559
                        },
                        {
                            "x": 1005,
                            "y": 559
                        }
                    ],
                    "rotation": 0
                },
                "className": "Car"
            }
        ]
    }
]