[
    {
        "instances": [
            {
                "id": "11cbfdb7-c0a6-47f4-92c3-d948f2c40dbb",
                "type": "BOUNDING_BOX",
                "contour": {
                    "area": 3588,
                    "points": [
                        {
                            "x": 1004,
                            "y": 495
                        },
                        {
                            "x": 1073,
                            "y": 495
                        },
                        {
                            "x": 1073,
                            "y": 547
                        },
                        {
                            "x": 1004,
                            "y": 547
                        }
                    ],
                    "rotation": 0
                },
                "className": "Car"
            }
        ]
    }
]