[
    {
        "instances": [
            {
                "id": "5996a4e3-9bdf-4d8c-aeac-aa7202394055",
                "type": "BOUNDING_BOX",
                "contour": {
                    "area": 4070,
                    "points": [
                        {
                            "x": 996,
                            "y": 499
                        },
                        {
                            "x": 1070,
                            "y": 499
                        },
                        {
                            "x": 1070,
                            "y": 554
                        },
                        {
                            "x": 996,
                            "y": 554
                        }
                    ],
                    "rotation": 0
                },
                "className": "Car"
            }
        ]
    }
]