[
    {
        "instances": [
            {
                "id": "9c83020f-5eea-48f2-b213-c996ff86837e",
                "type": "BOUNDING_BOX",
                "contour": {
                    "area": 3588,
                    "points": [
                        {
                            "x": 1004,
                            "y": 505
                        },
                        {
                            "x": 1073,
                            "y": 505
                        },
                        {
                            "x": 1073,
                            "y": 557
                        },
                        {
                            "x": 1004,
                            "y": 557
                        }
                    ],
                    "rotation": 0
                },
                "className": "Car"
            }
        ]
    }
]