[
    {
        "instances": [
            {
                "id": "d8b95255-5ad3-400a-a5ac-f2f878c129d1",
                "type": "BOUNDING_BOX",
                "contour": {
                    "area": 3588,
                    "points": [
                        {
                            "x": 1005,
                            "y": 498
                        },
                        {
                            "x": 1074,
                            "y": 498
                        },
                        {
                            "x": 1074,
                            "y": 550
                        },
                        {
                            "x": 1005,
                            "y": 550
                        }
                    ],
                    "rotation": 0
                },
                "className": "Car"
            }
        ]
    }
]