[
    {
        "instances": [
            {
                "id": "05d38513-8fd1-4e3c-9f26-59cc273b78e6",
                "type": "BOUNDING_BOX",
                "contour": {
                    "area": 4070,
                    "points": [
                        {
                            "x": 995,
                            "y": 503
                        },
                        {
                            "x": 1069,
                            "y": 503
                        },
                        {
                            "x": 1069,
                            "y": 558
                        },
                        {
                            "x": 995,
                            "y": 558
                        }
                    ],
                    "rotation": 0
                },
                "className": "Car"
            }
        ]
    }
]