[
    {
        "instances": [
            {
                "id": "969cdaa9-04be-4844-bfc0-fc8cb6c2b453",
                "type": "BOUNDING_BOX",
                "contour": {
                    "area": 3350,
                    "points": [
                        {
                            "x": 1006,
                            "y": 518
                        },
                        {
                            "x": 1073,
                            "y": 518
                        },
                        {
                            "x": 1073,
                            "y": 568
                        },
                        {
                            "x": 1006,
                            "y": 568
                        }
                    ],
                    "rotation": 0
                },
                "className": "Car"
            }
        ]
    }
]