[
    {
        "instances": [
            {
                "id": "fa36e2c4-5519-4d93-a895-04f62abb5dc1",
                "type": "BOUNDING_BOX",
                "contour": {
                    "area": 3588,
                    "points": [
                        {
                            "x": 1004,
                            "y": 505
                        },
                        {
                            "x": 1073,
                            "y": 505
                        },
                        {
                            "x": 1073,
                            "y": 557
                        },
                        {
                            "x": 1004,
                            "y": 557
                        }
                    ],
                    "rotation": 0
                },
                "className": "Car"
            }
        ]
    }
]