[
    {
        "instances": [
            {
                "id": "35e20b93-fcfe-49a6-b374-112c378960d2",
                "type": "BOUNDING_BOX",
                "contour": {
                    "area": 4070,
                    "points": [
                        {
                            "x": 994,
                            "y": 503
                        },
                        {
                            "x": 1068,
                            "y": 503
                        },
                        {
                            "x": 1068,
                            "y": 558
                        },
                        {
                            "x": 994,
                            "y": 558
                        }
                    ],
                    "rotation": 0
                },
                "className": "Car"
            }
        ]
    }
]