[
    {
        "instances": [
            {
                "id": "e5ad42dc-5ee7-4dba-b6f9-fd0812465cd1",
                "type": "BOUNDING_BOX",
                "contour": {
                    "area": 3350,
                    "points": [
                        {
                            "x": 1006,
                            "y": 510
                        },
                        {
                            "x": 1073,
                            "y": 510
                        },
                        {
                            "x": 1073,
                            "y": 560
                        },
                        {
                            "x": 1006,
                            "y": 560
                        }
                    ],
                    "rotation": 0
                },
                "className": "Car"
            }
        ]
    }
]