[
    {
        "instances": [
            {
                "id": "bcb7de5a-8db4-43b5-9455-42661b8f440e",
                "type": "BOUNDING_BOX",
                "contour": {
                    "area": 4070,
                    "points": [
                        {
                            "x": 998,
                            "y": 507
                        },
                        {
                            "x": 1072,
                            "y": 507
                        },
                        {
                            "x": 1072,
                            "y": 562
                        },
                        {
                            "x": 998,
                            "y": 562
                        }
                    ],
                    "rotation": 0
                },
                "className": "Car"
            }
        ]
    }
]