[
    {
        "instances": [
            {
                "id": "eabcafae-e1ba-4973-ab35-5d2c52bae7e9",
                "type": "BOUNDING_BOX",
                "contour": {
                    "area": 4070,
                    "points": [
                        {
                            "x": 1002,
                            "y": 502
                        },
                        {
                            "x": 1076,
                            "y": 502
                        },
                        {
                            "x": 1076,
                            "y": 557
                        },
                        {
                            "x": 1002,
                            "y": 557
                        }
                    ],
                    "rotation": 0
                },
                "className": "Car"
            }
        ]
    }
]