[
    {
        "instances": [
            {
                "id": "7552ca84-54fa-4340-a0a9-517f1545bf8e",
                "type": "BOUNDING_BOX",
                "contour": {
                    "area": 3350,
                    "points": [
                        {
                            "x": 1005,
                            "y": 512
                        },
                        {
                            "x": 1072,
                            "y": 512
                        },
                        {
                            "x": 1072,
                            "y": 562
                        },
                        {
                            "x": 1005,
                            "y": 562
                        }
                    ],
                    "rotation": 0
                },
                "className": "Car"
            }
        ]
    }
]