[
    {
        "instances": [
            {
                "id": "e35c2284-6460-45d0-8a79-f73c71b531cf",
                "type": "BOUNDING_BOX",
                "contour": {
                    "area": 3588,
                    "points": [
                        {
                            "x": 1004,
                            "y": 514
                        },
                        {
                            "x": 1073,
                            "y": 514
                        },
                        {
                            "x": 1073,
                            "y": 566
                        },
                        {
                            "x": 1004,
                            "y": 566
                        }
                    ],
                    "rotation": 0
                },
                "className": "Car"
            }
        ]
    }
]