[
    {
        "instances": [
            {
                "id": "42986472-7ea8-4c07-bb0d-72f61481a9e2",
                "type": "BOUNDING_BOX",
                "contour": {
                    "area": 4070,
                    "points": [
                        {
                            "x": 1001,
                            "y": 509
                        },
                        {
                            "x": 1075,
                            "y": 509
                        },
                        {
                            "x": 1075,
                            "y": 564
                        },
                        {
                            "x": 1001,
                            "y": 564
                        }
                    ],
                    "rotation": 0
                },
                "className": "Car"
            }
        ]
    }
]