[
    {
        "instances": [
            {
                "id": "500a0289-950d-43a3-a5dc-58b0cfdec516",
                "type": "BOUNDING_BOX",
                "contour": {
                    "area": 3350,
                    "points": [
                        {
                            "x": 1006,
                            "y": 504
                        },
                        {
                            "x": 1073,
                            "y": 504
                        },
                        {
                            "x": 1073,
                            "y": 554
                        },
                        {
                            "x": 1006,
                            "y": 554
                        }
                    ],
                    "rotation": 0
                },
                "className": "Car"
            }
        ]
    }
]