[
    {
        "instances": [
            {
                "id": "e29e2433-1a25-4cbc-a00a-e8576961adc8",
                "type": "BOUNDING_BOX",
                "contour": {
                    "area": 4070,
                    "points": [
                        {
                            "x": 1002,
                            "y": 502
                        },
                        {
                            "x": 1076,
                            "y": 502
                        },
                        {
                            "x": 1076,
                            "y": 557
                        },
                        {
                            "x": 1002,
                            "y": 557
                        }
                    ],
                    "rotation": 0
                },
                "className": "Car"
            }
        ]
    }
]