[
    {
        "instances": [
            {
                "id": "b78a3b84-4c7f-4120-ae9f-5368b225d549",
                "type": "BOUNDING_BOX",
                "contour": {
                    "area": 4070,
                    "points": [
                        {
                            "x": 989,
                            "y": 502
                        },
                        {
                            "x": 1063,
                            "y": 502
                        },
                        {
                            "x": 1063,
                            "y": 557
                        },
                        {
                            "x": 989,
                            "y": 557
                        }
                    ],
                    "rotation": 0
                },
                "className": "Car"
            }
        ]
    }
]