[
    {
        "instances": [
            {
                "id": "e15f51a2-86c9-41af-beda-4898fd0b4bee",
                "type": "BOUNDING_BOX",
                "contour": {
                    "area": 4070,
                    "points": [
                        {
                            "x": 994,
                            "y": 503
                        },
                        {
                            "x": 1068,
                            "y": 503
                        },
                        {
                            "x": 1068,
                            "y": 558
                        },
                        {
                            "x": 994,
                            "y": 558
                        }
                    ],
                    "rotation": 0
                },
                "className": "Car"
            }
        ]
    }
]