[
    {
        "instances": [
            {
                "id": "f5fc340d-8522-458b-9e95-cd102b2bbd46",
                "type": "BOUNDING_BOX",
                "contour": {
                    "area": 3350,
                    "points": [
                        {
                            "x": 1006,
                            "y": 506
                        },
                        {
                            "x": 1073,
                            "y": 506
                        },
                        {
                            "x": 1073,
                            "y": 556
                        },
                        {
                            "x": 1006,
                            "y": 556
                        }
                    ],
                    "rotation": 0
                },
                "className": "Car"
            }
        ]
    }
]