[
    {
        "instances": [
            {
                "id": "b22b86ba-e40c-4b0e-9e0b-73e76c6205d3",
                "type": "BOUNDING_BOX",
                "contour": {
                    "area": 3588,
                    "points": [
                        {
                            "x": 1004,
                            "y": 509
                        },
                        {
                            "x": 1073,
                            "y": 509
                        },
                        {
                            "x": 1073,
                            "y": 561
                        },
                        {
                            "x": 1004,
                            "y": 561
                        }
                    ],
                    "rotation": 0
                },
                "className": "Car"
            }
        ]
    }
]