[
    {
        "instances": [
            {
                "id": "fd16a59d-80c8-4088-8996-19ecd4128a71",
                "type": "BOUNDING_BOX",
                "contour": {
                    "area": 3350,
                    "points": [
                        {
                            "x": 1006,
                            "y": 508
                        },
                        {
                            "x": 1073,
                            "y": 508
                        },
                        {
                            "x": 1073,
                            "y": 558
                        },
                        {
                            "x": 1006,
                            "y": 558
                        }
                    ],
                    "rotation": 0
                },
                "className": "Car"
            }
        ]
    }
]