[
    {
        "instances": [
            {
                "id": "a8e6a043-9732-412c-893b-faaac4f39707",
                "type": "BOUNDING_BOX",
                "contour": {
                    "area": 3588,
                    "points": [
                        {
                            "x": 1004,
                            "y": 495
                        },
                        {
                            "x": 1073,
                            "y": 495
                        },
                        {
                            "x": 1073,
                            "y": 547
                        },
                        {
                            "x": 1004,
                            "y": 547
                        }
                    ],
                    "rotation": 0
                },
                "className": "Car"
            }
        ]
    }
]