[
    {
        "instances": [
            {
                "id": "30031c18-0f30-4b36-b2bb-b09ac68ebaf3",
                "type": "BOUNDING_BOX",
                "contour": {
                    "area": 4070,
                    "points": [
                        {
                            "x": 995,
                            "y": 504
                        },
                        {
                            "x": 1069,
                            "y": 504
                        },
                        {
                            "x": 1069,
                            "y": 559
                        },
                        {
                            "x": 995,
                            "y": 559
                        }
                    ],
                    "rotation": 0
                },
                "className": "Car"
            }
        ]
    }
]