[
    {
        "instances": [
            {
                "id": "bb83fd08-d82c-4883-974b-d43c78d13e28",
                "type": "BOUNDING_BOX",
                "contour": {
                    "area": 3350,
                    "points": [
                        {
                            "x": 1006,
                            "y": 515
                        },
                        {
                            "x": 1073,
                            "y": 515
                        },
                        {
                            "x": 1073,
                            "y": 565
                        },
                        {
                            "x": 1006,
                            "y": 565
                        }
                    ],
                    "rotation": 0
                },
                "className": "Car"
            }
        ]
    }
]