[
    {
        "instances": [
            {
                "id": "1b15a235-7c93-468e-af9d-6e9af03e3f05",
                "type": "BOUNDING_BOX",
                "contour": {
                    "area": 4070,
                    "points": [
                        {
                            "x": 990,
                            "y": 504
                        },
                        {
                            "x": 1064,
                            "y": 504
                        },
                        {
                            "x": 1064,
                            "y": 559
                        },
                        {
                            "x": 990,
                            "y": 559
                        }
                    ],
                    "rotation": 0
                },
                "className": "Car"
            }
        ]
    }
]