[
    {
        "instances": [
            {
                "id": "b2b465ed-e471-43db-8d5e-f6d64c2085ec",
                "type": "BOUNDING_BOX",
                "contour": {
                    "area": 4070,
                    "points": [
                        {
                            "x": 1002,
                            "y": 508
                        },
                        {
                            "x": 1076,
                            "y": 508
                        },
                        {
                            "x": 1076,
                            "y": 563
                        },
                        {
                            "x": 1002,
                            "y": 563
                        }
                    ],
                    "rotation": 0
                },
                "className": "Car"
            }
        ]
    }
]