[
    {
        "instances": [
            {
                "id": "82f8ed9a-c961-4d25-a50e-cd64784e341d",
                "type": "BOUNDING_BOX",
                "contour": {
                    "area": 3834,
                    "points": [
                        {
                            "x": 1004,
                            "y": 499
                        },
                        {
                            "x": 1075,
                            "y": 499
                        },
                        {
                            "x": 1075,
                            "y": 553
                        },
                        {
                            "x": 1004,
                            "y": 553
                        }
                    ],
                    "rotation": 0
                },
                "className": "Car"
            }
        ]
    }
]