[
    {
        "instances": [
            {
                "id": "d02e29ba-0f43-4135-9deb-b83314f55f69",
                "type": "BOUNDING_BOX",
                "contour": {
                    "area": 3588,
                    "points": [
                        {
                            "x": 1005,
                            "y": 498
                        },
                        {
                            "x": 1074,
                            "y": 498
                        },
                        {
                            "x": 1074,
                            "y": 550
                        },
                        {
                            "x": 1005,
                            "y": 550
                        }
                    ],
                    "rotation": 0
                },
                "className": "Car"
            }
        ]
    }
]