[
    {
        "instances": [
            {
                "id": "c5fe3b6e-bd88-4fa4-99c9-a340257b6468",
                "type": "BOUNDING_BOX",
                "contour": {
                    "area": 3350,
                    "points": [
                        {
                            "x": 1006,
                            "y": 503
                        },
                        {
                            "x": 1073,
                            "y": 503
                        },
                        {
                            "x": 1073,
                            "y": 553
                        },
                        {
                            "x": 1006,
                            "y": 553
                        }
                    ],
                    "rotation": 0
                },
                "className": "Car"
            }
        ]
    }
]