[
    {
        "instances": [
            {
                "id": "30e99770-d94d-4513-8ba3-135283b82300",
                "type": "BOUNDING_BOX",
                "contour": {
                    "area": 4070,
                    "points": [
                        {
                            "x": 993,
                            "y": 502
                        },
                        {
                            "x": 1067,
                            "y": 502
                        },
                        {
                            "x": 1067,
                            "y": 557
                        },
                        {
                            "x": 993,
                            "y": 557
                        }
                    ],
                    "rotation": 0
                },
                "className": "Car"
            }
        ]
    }
]