[
    {
        "instances": [
            {
                "id": "dcfa96f4-aec4-4002-b9bd-33865c179c79",
                "type": "BOUNDING_BOX",
                "contour": {
                    "area": 4070,
                    "points": [
                        {
                            "x": 990,
                            "y": 506
                        },
                        {
                            "x": 1064,
                            "y": 506
                        },
                        {
                            "x": 1064,
                            "y": 561
                        },
                        {
                            "x": 990,
                            "y": 561
                        }
                    ],
                    "rotation": 0
                },
                "className": "Car"
            }
        ]
    }
]