[
    {
        "instances": [
            {
                "id": "15eec127-4ad1-41c3-a770-98b229b9586b",
                "type": "BOUNDING_BOX",
                "contour": {
                    "area": 4070,
                    "points": [
                        {
                            "x": 994,
                            "y": 503
                        },
                        {
                            "x": 1068,
                            "y": 503
                        },
                        {
                            "x": 1068,
                            "y": 558
                        },
                        {
                            "x": 994,
                            "y": 558
                        }
                    ],
                    "rotation": 0
                },
                "className": "Car"
            }
        ]
    }
]