[
    {
        "instances": [
            {
                "id": "8af83d82-be8b-4671-a5fa-fb10e3eebdda",
                "type": "BOUNDING_BOX",
                "contour": {
                    "area": 4070,
                    "points": [
                        {
                            "x": 995,
                            "y": 504
                        },
                        {
                            "x": 1069,
                            "y": 504
                        },
                        {
                            "x": 1069,
                            "y": 559
                        },
                        {
                            "x": 995,
                            "y": 559
                        }
                    ],
                    "rotation": 0
                },
                "className": "Car"
            }
        ]
    }
]