[
    {
        "instances": [
            {
                "id": "8d44da19-70e6-412a-a252-1a6dfde16bed",
                "type": "BOUNDING_BOX",
                "contour": {
                    "area": 3834,
                    "points": [
                        {
                            "x": 1004,
                            "y": 499
                        },
                        {
                            "x": 1075,
                            "y": 499
                        },
                        {
                            "x": 1075,
                            "y": 553
                        },
                        {
                            "x": 1004,
                            "y": 553
                        }
                    ],
                    "rotation": 0
                },
                "className": "Car"
            }
        ]
    }
]