[
    {
        "instances": [
            {
                "id": "36d56bc3-7740-43dc-9341-295b88826b9d",
                "type": "BOUNDING_BOX",
                "contour": {
                    "area": 3350,
                    "points": [
                        {
                            "x": 1005,
                            "y": 515
                        },
                        {
                            "x": 1072,
                            "y": 515
                        },
                        {
                            "x": 1072,
                            "y": 565
                        },
                        {
                            "x": 1005,
                            "y": 565
                        }
                    ],
                    "rotation": 0
                },
                "className": "Car"
            }
        ]
    }
]