[
    {
        "instances": [
            {
                "id": "625038df-c458-4c4a-a2d3-3161fb565b66",
                "type": "BOUNDING_BOX",
                "contour": {
                    "area": 4070,
                    "points": [
                        {
                            "x": 1001,
                            "y": 509
                        },
                        {
                            "x": 1075,
                            "y": 509
                        },
                        {
                            "x": 1075,
                            "y": 564
                        },
                        {
                            "x": 1001,
                            "y": 564
                        }
                    ],
                    "rotation": 0
                },
                "className": "Car"
            }
        ]
    }
]