[
    {
        "instances": [
            {
                "id": "fea7e31e-0897-47ea-b141-296acfa34d84",
                "type": "BOUNDING_BOX",
                "contour": {
                    "area": 3588,
                    "points": [
                        {
                            "x": 1004,
                            "y": 504
                        },
                        {
                            "x": 1073,
                            "y": 504
                        },
                        {
                            "x": 1073,
                            "y": 556
                        },
                        {
                            "x": 1004,
                            "y": 556
                        }
                    ],
                    "rotation": 0
                },
                "className": "Car"
            }
        ]
    }
]