[
    {
        "instances": [
            {
                "id": "97252f3c-d136-4623-80bb-075509164d31",
                "type": "BOUNDING_BOX",
                "contour": {
                    "area": 4070,
                    "points": [
                        {
                            "x": 996,
                            "y": 502
                        },
                        {
                            "x": 1070,
                            "y": 502
                        },
                        {
                            "x": 1070,
                            "y": 557
                        },
                        {
                            "x": 996,
                            "y": 557
                        }
                    ],
                    "rotation": 0
                },
                "className": "Car"
            }
        ]
    }
]