[
    {
        "instances": [
            {
                "id": "9546fe59-1249-4ce5-a484-f2ff946af86c",
                "type": "BOUNDING_BOX",
                "contour": {
                    "area": 4070,
                    "points": [
                        {
                            "x": 993,
                            "y": 502
                        },
                        {
                            "x": 1067,
                            "y": 502
                        },
                        {
                            "x": 1067,
                            "y": 557
                        },
                        {
                            "x": 993,
                            "y": 557
                        }
                    ],
                    "rotation": 0
                },
                "className": "Car"
            }
        ]
    }
]