[
    {
        "instances": [
            {
                "id": "44503f08-da12-47bc-a606-03cdcfc07862",
                "type": "BOUNDING_BOX",
                "contour": {
                    "area": 4070,
                    "points": [
                        {
                            "x": 1002,
                            "y": 501
                        },
                        {
                            "x": 1076,
                            "y": 501
                        },
                        {
                            "x": 1076,
                            "y": 556
                        },
                        {
                            "x": 1002,
                            "y": 556
                        }
                    ],
                    "rotation": 0
                },
                "className": "Car"
            }
        ]
    }
]