[
    {
        "instances": [
            {
                "id": "8cb48880-0656-43ca-bbbf-966285d2e108",
                "type": "BOUNDING_BOX",
                "contour": {
                    "area": 4070,
                    "points": [
                        {
                            "x": 998,
                            "y": 508
                        },
                        {
                            "x": 1072,
                            "y": 508
                        },
                        {
                            "x": 1072,
                            "y": 563
                        },
                        {
                            "x": 998,
                            "y": 563
                        }
                    ],
                    "rotation": 0
                },
                "className": "Car"
            }
        ]
    }
]