[
    {
        "instances": [
            {
                "id": "285329ef-ec97-4994-bf7b-b80b9f0e5fa1",
                "type": "BOUNDING_BOX",
                "contour": {
                    "area": 3588,
                    "points": [
                        {
                            "x": 1004,
                            "y": 501
                        },
                        {
                            "x": 1073,
                            "y": 501
                        },
                        {
                            "x": 1073,
                            "y": 553
                        },
                        {
                            "x": 1004,
                            "y": 553
                        }
                    ],
                    "rotation": 0
                },
                "className": "Car"
            }
        ]
    }
]