[
    {
        "instances": [
            {
                "id": "b874549d-cf01-43c6-9b1f-28689fb1e77c",
                "type": "BOUNDING_BOX",
                "contour": {
                    "area": 3350,
                    "points": [
                        {
                            "x": 1006,
                            "y": 507
                        },
                        {
                            "x": 1073,
                            "y": 507
                        },
                        {
                            "x": 1073,
                            "y": 557
                        },
                        {
                            "x": 1006,
                            "y": 557
                        }
                    ],
                    "rotation": 0
                },
                "className": "Car"
            }
        ]
    }
]