[
    {
        "instances": [
            {
                "id": "e438266e-057d-40b7-a324-2f1f4dc793b0",
                "type": "BOUNDING_BOX",
                "contour": {
                    "area": 3834,
                    "points": [
                        {
                            "x": 1004,
                            "y": 496
                        },
                        {
                            "x": 1075,
                            "y": 496
                        },
                        {
                            "x": 1075,
                            "y": 550
                        },
                        {
                            "x": 1004,
                            "y": 550
                        }
                    ],
                    "rotation": 0
                },
                "className": "Car"
            }
        ]
    }
]