[
    {
        "instances": [
            {
                "id": "760d2514-06ee-4199-84f8-a693c628cc82",
                "type": "BOUNDING_BOX",
                "contour": {
                    "area": 4070,
                    "points": [
                        {
                            "x": 990,
                            "y": 504
                        },
                        {
                            "x": 1064,
                            "y": 504
                        },
                        {
                            "x": 1064,
                            "y": 559
                        },
                        {
                            "x": 990,
                            "y": 559
                        }
                    ],
                    "rotation": 0
                },
                "className": "Car"
            }
        ]
    }
]