[
    {
        "instances": [
            {
                "id": "ad4f80db-f44a-41a0-8670-99a431e3c0f3",
                "type": "BOUNDING_BOX",
                "contour": {
                    "area": 4070,
                    "points": [
                        {
                            "x": 996,
                            "y": 501
                        },
                        {
                            "x": 1070,
                            "y": 501
                        },
                        {
                            "x": 1070,
                            "y": 556
                        },
                        {
                            "x": 996,
                            "y": 556
                        }
                    ],
                    "rotation": 0
                },
                "className": "Car"
            }
        ]
    }
]