[
    {
        "instances": [
            {
                "id": "6697d002-ee87-49d5-adb2-bed03d96a09a",
                "type": "BOUNDING_BOX",
                "contour": {
                    "area": 4070,
                    "points": [
                        {
                            "x": 993,
                            "y": 502
                        },
                        {
                            "x": 1067,
                            "y": 502
                        },
                        {
                            "x": 1067,
                            "y": 557
                        },
                        {
                            "x": 993,
                            "y": 557
                        }
                    ],
                    "rotation": 0
                },
                "className": "Car"
            }
        ]
    }
]