[
    {
        "instances": [
            {
                "id": "ebd67bf1-2540-4e91-beeb-edb0bd4d7b58",
                "type": "BOUNDING_BOX",
                "contour": {
                    "area": 3588,
                    "points": [
                        {
                            "x": 1004,
                            "y": 514
                        },
                        {
                            "x": 1073,
                            "y": 514
                        },
                        {
                            "x": 1073,
                            "y": 566
                        },
                        {
                            "x": 1004,
                            "y": 566
                        }
                    ],
                    "rotation": 0
                },
                "className": "Car"
            }
        ]
    }
]