[
    {
        "instances": [
            {
                "id": "47b7a17f-00bd-4552-bb5c-0393847f54ec",
                "type": "BOUNDING_BOX",
                "contour": {
                    "area": 3588,
                    "points": [
                        {
                            "x": 1004,
                            "y": 510
                        },
                        {
                            "x": 1073,
                            "y": 510
                        },
                        {
                            "x": 1073,
                            "y": 562
                        },
                        {
                            "x": 1004,
                            "y": 562
                        }
                    ],
                    "rotation": 0
                },
                "className": "Car"
            }
        ]
    }
]