[
    {
        "instances": [
            {
                "id": "d65284d7-c2f9-4364-bb53-519087101fe9",
                "type": "BOUNDING_BOX",
                "contour": {
                    "area": 4070,
                    "points": [
                        {
                            "x": 1002,
                            "y": 506
                        },
                        {
                            "x": 1076,
                            "y": 506
                        },
                        {
                            "x": 1076,
                            "y": 561
                        },
                        {
                            "x": 1002,
                            "y": 561
                        }
                    ],
                    "rotation": 0
                },
                "className": "Car"
            }
        ]
    }
]