[
    {
        "instances": [
            {
                "id": "3278619f-aa41-4f0a-9637-c6bd65763780",
                "type": "BOUNDING_BOX",
                "contour": {
                    "area": 3588,
                    "points": [
                        {
                            "x": 1004,
                            "y": 507
                        },
                        {
                            "x": 1073,
                            "y": 507
                        },
                        {
                            "x": 1073,
                            "y": 559
                        },
                        {
                            "x": 1004,
                            "y": 559
                        }
                    ],
                    "rotation": 0
                },
                "className": "Car"
            }
        ]
    }
]