[
    {
        "instances": [
            {
                "id": "074e2d3b-478d-4594-834a-09a6e693b17f",
                "type": "BOUNDING_BOX",
                "contour": {
                    "area": 4070,
                    "points": [
                        {
                            "x": 990,
                            "y": 506
                        },
                        {
                            "x": 1064,
                            "y": 506
                        },
                        {
                            "x": 1064,
                            "y": 561
                        },
                        {
                            "x": 990,
                            "y": 561
                        }
                    ],
                    "rotation": 0
                },
                "className": "Car"
            }
        ]
    }
]