[
    {
        "instances": [
            {
                "id": "f5f5ec0e-25a5-4ee4-be48-7e87963256ac",
                "type": "BOUNDING_BOX",
                "contour": {
                    "area": 4070,
                    "points": [
                        {
                            "x": 990,
                            "y": 504
                        },
                        {
                            "x": 1064,
                            "y": 504
                        },
                        {
                            "x": 1064,
                            "y": 559
                        },
                        {
                            "x": 990,
                            "y": 559
                        }
                    ],
                    "rotation": 0
                },
                "className": "Car"
            }
        ]
    }
]