[
    {
        "instances": [
            {
                "id": "36583b4b-2110-46ce-bad3-1c07bdaad4cb",
                "type": "BOUNDING_BOX",
                "contour": {
                    "area": 4070,
                    "points": [
                        {
                            "x": 990,
                            "y": 505
                        },
                        {
                            "x": 1064,
                            "y": 505
                        },
                        {
                            "x": 1064,
                            "y": 560
                        },
                        {
                            "x": 990,
                            "y": 560
                        }
                    ],
                    "rotation": 0
                },
                "className": "Car"
            }
        ]
    }
]