[
    {
        "instances": [
            {
                "id": "d48ae474-0ee8-4175-bef0-d1e60abb04e3",
                "type": "BOUNDING_BOX",
                "contour": {
                    "area": 4070,
                    "points": [
                        {
                            "x": 1002,
                            "y": 503
                        },
                        {
                            "x": 1076,
                            "y": 503
                        },
                        {
                            "x": 1076,
                            "y": 558
                        },
                        {
                            "x": 1002,
                            "y": 558
                        }
                    ],
                    "rotation": 0
                },
                "className": "Car"
            }
        ]
    }
]