[
    {
        "instances": [
            {
                "id": "4d143a8e-a203-4791-9a34-061235e3d24f",
                "type": "BOUNDING_BOX",
                "contour": {
                    "area": 3350,
                    "points": [
                        {
                            "x": 1006,
                            "y": 518
                        },
                        {
                            "x": 1073,
                            "y": 518
                        },
                        {
                            "x": 1073,
                            "y": 568
                        },
                        {
                            "x": 1006,
                            "y": 568
                        }
                    ],
                    "rotation": 0
                },
                "className": "Car"
            }
        ]
    }
]