[
    {
        "instances": [
            {
                "id": "a664e565-1e6d-451a-87de-f36d1713412a",
                "type": "BOUNDING_BOX",
                "contour": {
                    "area": 4070,
                    "points": [
                        {
                            "x": 993,
                            "y": 502
                        },
                        {
                            "x": 1067,
                            "y": 502
                        },
                        {
                            "x": 1067,
                            "y": 557
                        },
                        {
                            "x": 993,
                            "y": 557
                        }
                    ],
                    "rotation": 0
                },
                "className": "Car"
            }
        ]
    }
]