[
    {
        "instances": [
            {
                "id": "706b76f6-ffa0-4d0f-a0f9-54727920327d",
                "type": "BOUNDING_BOX",
                "contour": {
                    "area": 3588,
                    "points": [
                        {
                            "x": 1004,
                            "y": 495
                        },
                        {
                            "x": 1073,
                            "y": 495
                        },
                        {
                            "x": 1073,
                            "y": 547
                        },
                        {
                            "x": 1004,
                            "y": 547
                        }
                    ],
                    "rotation": 0
                },
                "className": "Car"
            }
        ]
    }
]