[
    {
        "instances": [
            {
                "id": "fc894c31-3ee0-4ebc-8a3f-d347854f771c",
                "type": "BOUNDING_BOX",
                "contour": {
                    "area": 3588,
                    "points": [
                        {
                            "x": 1004,
                            "y": 510
                        },
                        {
                            "x": 1073,
                            "y": 510
                        },
                        {
                            "x": 1073,
                            "y": 562
                        },
                        {
                            "x": 1004,
                            "y": 562
                        }
                    ],
                    "rotation": 0
                },
                "className": "Car"
            }
        ]
    }
]