[
    {
        "instances": [
            {
                "id": "5e499e76-4d42-43d3-9b00-6143dab92b3b",
                "type": "BOUNDING_BOX",
                "contour": {
                    "area": 4070,
                    "points": [
                        {
                            "x": 996,
                            "y": 502
                        },
                        {
                            "x": 1070,
                            "y": 502
                        },
                        {
                            "x": 1070,
                            "y": 557
                        },
                        {
                            "x": 996,
                            "y": 557
                        }
                    ],
                    "rotation": 0
                },
                "className": "Car"
            }
        ]
    }
]