[
    {
        "instances": [
            {
                "id": "93e70f27-5499-4037-bce5-0a06c8334e62",
                "type": "BOUNDING_BOX",
                "contour": {
                    "area": 3834,
                    "points": [
                        {
                            "x": 1004,
                            "y": 496
                        },
                        {
                            "x": 1075,
                            "y": 496
                        },
                        {
                            "x": 1075,
                            "y": 550
                        },
                        {
                            "x": 1004,
                            "y": 550
                        }
                    ],
                    "rotation": 0
                },
                "className": "Car"
            }
        ]
    }
]