[
    {
        "instances": [
            {
                "id": "9d150657-ea18-43a3-b04f-74f20d9b1f74",
                "type": "BOUNDING_BOX",
                "contour": {
                    "area": 4070,
                    "points": [
                        {
                            "x": 995,
                            "y": 504
                        },
                        {
                            "x": 1069,
                            "y": 504
                        },
                        {
                            "x": 1069,
                            "y": 559
                        },
                        {
                            "x": 995,
                            "y": 559
                        }
                    ],
                    "rotation": 0
                },
                "className": "Car"
            }
        ]
    }
]