[
    {
        "instances": [
            {
                "id": "29d08a8e-0fe0-49d5-ba2c-0f9403237eb1",
                "type": "BOUNDING_BOX",
                "contour": {
                    "area": 3588,
                    "points": [
                        {
                            "x": 1004,
                            "y": 505
                        },
                        {
                            "x": 1073,
                            "y": 505
                        },
                        {
                            "x": 1073,
                            "y": 557
                        },
                        {
                            "x": 1004,
                            "y": 557
                        }
                    ],
                    "rotation": 0
                },
                "className": "Car"
            }
        ]
    }
]