[
    {
        "instances": [
            {
                "id": "80c75bf9-d4ab-4ade-93e8-56bb1b21f392",
                "type": "BOUNDING_BOX",
                "contour": {
                    "area": 4070,
                    "points": [
                        {
                            "x": 999,
                            "y": 508
                        },
                        {
                            "x": 1073,
                            "y": 508
                        },
                        {
                            "x": 1073,
                            "y": 563
                        },
                        {
                            "x": 999,
                            "y": 563
                        }
                    ],
                    "rotation": 0
                },
                "className": "Car"
            }
        ]
    }
]