[
    {
        "instances": [
            {
                "id": "c637e3f6-00d5-4e06-80f4-eeaa79eda2f6",
                "type": "BOUNDING_BOX",
                "contour": {
                    "area": 4070,
                    "points": [
                        {
                            "x": 996,
                            "y": 506
                        },
                        {
                            "x": 1070,
                            "y": 506
                        },
                        {
                            "x": 1070,
                            "y": 561
                        },
                        {
                            "x": 996,
                            "y": 561
                        }
                    ],
                    "rotation": 0
                },
                "className": "Car"
            }
        ]
    }
]