[
    {
        "instances": [
            {
                "id": "d2194609-c2b0-4ea6-8a8b-a38b37758795",
                "type": "BOUNDING_BOX",
                "contour": {
                    "area": 3588,
                    "points": [
                        {
                            "x": 1004,
                            "y": 495
                        },
                        {
                            "x": 1073,
                            "y": 495
                        },
                        {
                            "x": 1073,
                            "y": 547
                        },
                        {
                            "x": 1004,
                            "y": 547
                        }
                    ],
                    "rotation": 0
                },
                "className": "Car"
            }
        ]
    }
]