[
    {
        "instances": [
            {
                "id": "3b505128-4fb7-443d-9a9e-ddafa76d3742",
                "type": "BOUNDING_BOX",
                "contour": {
                    "area": 3588,
                    "points": [
                        {
                            "x": 1004,
                            "y": 505
                        },
                        {
                            "x": 1073,
                            "y": 505
                        },
                        {
                            "x": 1073,
                            "y": 557
                        },
                        {
                            "x": 1004,
                            "y": 557
                        }
                    ],
                    "rotation": 0
                },
                "className": "Car"
            }
        ]
    }
]