[
    {
        "instances": [
            {
                "id": "8cc185b4-003d-44f4-b0d0-f9ed62ddd8a2",
                "type": "BOUNDING_BOX",
                "contour": {
                    "area": 8240,
                    "points": [
                        {
                            "x": 998,
                            "y": 508
                        },
                        {
                            "x": 1101,
                            "y": 508
                        },
                        {
                            "x": 1101,
                            "y": 588
                        },
                        {
                            "x": 998,
                            "y": 588
                        }
                    ],
                    "rotation": 0
                },
                "className": "Car"
            }
        ]
    }
]