[
    {
        "instances": [
            {
                "id": "3067b856-a1ed-4063-85c9-8503baf2e17a",
                "type": "BOUNDING_BOX",
                "contour": {
                    "area": 8505,
                    "points": [
                        {
                            "x": 1000,
                            "y": 494
                        },
                        {
                            "x": 1105,
                            "y": 494
                        },
                        {
                            "x": 1105,
                            "y": 575
                        },
                        {
                            "x": 1000,
                            "y": 575
                        }
                    ],
                    "rotation": 0
                },
                "className": "Car"
            }
        ]
    }
]