[
    {
        "instances": [
            {
                "id": "a9de10cf-9813-4d94-b16c-b2c3e77fee43",
                "type": "BOUNDING_BOX",
                "contour": {
                    "area": 8240,
                    "points": [
                        {
                            "x": 996,
                            "y": 507
                        },
                        {
                            "x": 1099,
                            "y": 507
                        },
                        {
                            "x": 1099,
                            "y": 587
                        },
                        {
                            "x": 996,
                            "y": 587
                        }
                    ],
                    "rotation": 0
                },
                "className": "Car"
            }
        ]
    }
]