[
    {
        "instances": [
            {
                "id": "e780724d-d659-45c8-a423-af551f1c398e",
                "type": "BOUNDING_BOX",
                "contour": {
                    "area": 9202,
                    "points": [
                        {
                            "x": 989,
                            "y": 504
                        },
                        {
                            "x": 1096,
                            "y": 504
                        },
                        {
                            "x": 1096,
                            "y": 590
                        },
                        {
                            "x": 989,
                            "y": 590
                        }
                    ],
                    "rotation": 0
                },
                "className": "Car"
            }
        ]
    }
]