[
    {
        "instances": [
            {
                "id": "4e57b527-a744-4d01-9c85-6119bc20c6a0",
                "type": "BOUNDING_BOX",
                "contour": {
                    "area": 9202,
                    "points": [
                        {
                            "x": 989,
                            "y": 504
                        },
                        {
                            "x": 1096,
                            "y": 504
                        },
                        {
                            "x": 1096,
                            "y": 590
                        },
                        {
                            "x": 989,
                            "y": 590
                        }
                    ],
                    "rotation": 0
                },
                "className": "Car"
            }
        ]
    }
]