[
    {
        "instances": [
            {
                "id": "3703b67c-5d05-45c4-a6d3-b0f155596a3b",
                "type": "BOUNDING_BOX",
                "contour": {
                    "area": 9202,
                    "points": [
                        {
                            "x": 985,
                            "y": 491
                        },
                        {
                            "x": 1092,
                            "y": 491
                        },
                        {
                            "x": 1092,
                            "y": 577
                        },
                        {
                            "x": 985,
                            "y": 577
                        }
                    ],
                    "rotation": 0
                },
                "className": "Car"
            }
        ]
    }
]