[
    {
        "instances": [
            {
                "id": "97d10e96-2240-4ac9-b671-22f1943446d9",
                "type": "BOUNDING_BOX",
                "contour": {
                    "area": 9202,
                    "points": [
                        {
                            "x": 986,
                            "y": 498
                        },
                        {
                            "x": 1093,
                            "y": 498
                        },
                        {
                            "x": 1093,
                            "y": 584
                        },
                        {
                            "x": 986,
                            "y": 584
                        }
                    ],
                    "rotation": 0
                },
                "className": "Car"
            }
        ]
    }
]