[
    {
        "instances": [
            {
                "id": "c4a65146-3641-4e60-9467-4b9604d6a2eb",
                "type": "BOUNDING_BOX",
                "contour": {
                    "area": 7878,
                    "points": [
                        {
                            "x": 991,
                            "y": 504
                        },
                        {
                            "x": 1092,
                            "y": 504
                        },
                        {
                            "x": 1092,
                            "y": 582
                        },
                        {
                            "x": 991,
                            "y": 582
                        }
                    ],
                    "rotation": 0
                },
                "className": "Car"
            }
        ]
    }
]