[
    {
        "instances": [
            {
                "id": "63e7ea40-d649-4cb2-8cd9-e018b432150f",
                "type": "BOUNDING_BOX",
                "contour": {
                    "area": 8240,
                    "points": [
                        {
                            "x": 1000,
                            "y": 503
                        },
                        {
                            "x": 1103,
                            "y": 503
                        },
                        {
                            "x": 1103,
                            "y": 583
                        },
                        {
                            "x": 1000,
                            "y": 583
                        }
                    ],
                    "rotation": 0
                },
                "className": "Car"
            }
        ]
    }
]