[
    {
        "instances": [
            {
                "id": "f869fb6e-1046-42c1-b60f-e66e1dff2fec",
                "type": "BOUNDING_BOX",
                "contour": {
                    "area": 7200,
                    "points": [
                        {
                            "x": 1064,
                            "y": 500
                        },
                        {
                            "x": 1160,
                            "y": 500
                        },
                        {
                            "x": 1160,
                            "y": 575
                        },
                        {
                            "x": 1064,
                            "y": 575
                        }
                    ],
                    "rotation": 0
                },
                "className": "Car"
            }
        ]
    }
]