[
    {
        "instances": [
            {
                "id": "c3ed1439-f6e2-4e84-a3f2-5887688f5445",
                "type": "BOUNDING_BOX",
                "contour": {
                    "area": 7700,
                    "points": [
                        {
                            "x": 1021,
                            "y": 499
                        },
                        {
                            "x": 1121,
                            "y": 499
                        },
                        {
                            "x": 1121,
                            "y": 576
                        },
                        {
                            "x": 1021,
                            "y": 576
                        }
                    ],
                    "rotation": 0
                },
                "className": "Car"
            }
        ]
    }
]