[
    {
        "instances": [
            {
                "id": "b1eb2a41-e36f-447c-b1a4-8a06d18bf7fe",
                "type": "BOUNDING_BOX",
                "contour": {
                    "area": 7854,
                    "points": [
                        {
                            "x": 1006,
                            "y": 497
                        },
                        {
                            "x": 1108,
                            "y": 497
                        },
                        {
                            "x": 1108,
                            "y": 574
                        },
                        {
                            "x": 1006,
                            "y": 574
                        }
                    ],
                    "rotation": 0
                },
                "className": "Car"
            }
        ]
    }
]