[
    {
        "instances": [
            {
                "id": "c868e31a-2644-498a-a6e0-d1ecb30d0745",
                "type": "BOUNDING_BOX",
                "contour": {
                    "area": 9202,
                    "points": [
                        {
                            "x": 985,
                            "y": 491
                        },
                        {
                            "x": 1092,
                            "y": 491
                        },
                        {
                            "x": 1092,
                            "y": 577
                        },
                        {
                            "x": 985,
                            "y": 577
                        }
                    ],
                    "rotation": 0
                },
                "className": "Car"
            }
        ]
    }
]