[
    {
        "instances": [
            {
                "id": "857e56e3-182c-4bab-98ec-20ebead5fad8",
                "type": "BOUNDING_BOX",
                "contour": {
                    "area": 7700,
                    "points": [
                        {
                            "x": 1043,
                            "y": 501
                        },
                        {
                            "x": 1143,
                            "y": 501
                        },
                        {
                            "x": 1143,
                            "y": 578
                        },
                        {
                            "x": 1043,
                            "y": 578
                        }
                    ],
                    "rotation": 0
                },
                "className": "Car"
            }
        ]
    }
]