[
    {
        "instances": [
            {
                "id": "1c65eb5f-9112-4594-a24d-b3a06f607e84",
                "type": "BOUNDING_BOX",
                "contour": {
                    "area": 7400,
                    "points": [
                        {
                            "x": 1047,
                            "y": 499
                        },
                        {
                            "x": 1147,
                            "y": 499
                        },
                        {
                            "x": 1147,
                            "y": 573
                        },
                        {
                            "x": 1047,
                            "y": 573
                        }
                    ],
                    "rotation": 0
                },
                "className": "Car"
            }
        ]
    }
]