[
    {
        "instances": [
            {
                "id": "fdff6149-1a22-44a1-9728-982c7e329e1f",
                "type": "BOUNDING_BOX",
                "contour": {
                    "area": 7200,
                    "points": [
                        {
                            "x": 1055,
                            "y": 499
                        },
                        {
                            "x": 1151,
                            "y": 499
                        },
                        {
                            "x": 1151,
                            "y": 574
                        },
                        {
                            "x": 1055,
                            "y": 574
                        }
                    ],
                    "rotation": 0
                },
                "className": "Car"
            }
        ]
    }
]