[
    {
        "instances": [
            {
                "id": "f20b42f6-1ba3-4487-9971-a1069d0cddc1",
                "type": "BOUNDING_BOX",
                "contour": {
                    "area": 7700,
                    "points": [
                        {
                            "x": 1029,
                            "y": 503
                        },
                        {
                            "x": 1129,
                            "y": 503
                        },
                        {
                            "x": 1129,
                            "y": 580
                        },
                        {
                            "x": 1029,
                            "y": 580
                        }
                    ],
                    "rotation": 0
                },
                "className": "Car"
            }
        ]
    }
]