[
    {
        "instances": [
            {
                "id": "3ff26b64-a39b-433e-9aa8-aeed2ad1af74",
                "type": "BOUNDING_BOX",
                "contour": {
                    "area": 9202,
                    "points": [
                        {
                            "x": 993,
                            "y": 496
                        },
                        {
                            "x": 1100,
                            "y": 496
                        },
                        {
                            "x": 1100,
                            "y": 582
                        },
                        {
                            "x": 993,
                            "y": 582
                        }
                    ],
                    "rotation": 0
                },
                "className": "Car"
            }
        ]
    }
]