[
    {
        "instances": [
            {
                "id": "9bbba9f3-9222-41e8-a070-2df4412fa353",
                "type": "BOUNDING_BOX",
                "contour": {
                    "area": 7854,
                    "points": [
                        {
                            "x": 1003,
                            "y": 502
                        },
                        {
                            "x": 1105,
                            "y": 502
                        },
                        {
                            "x": 1105,
                            "y": 579
                        },
                        {
                            "x": 1003,
                            "y": 579
                        }
                    ],
                    "rotation": 0
                },
                "className": "Car"
            }
        ]
    }
]