[
    {
        "instances": [
            {
                "id": "6bda4c95-0c78-4ece-8ab3-5768b11f5dfc",
                "type": "BOUNDING_BOX",
                "contour": {
                    "area": 9202,
                    "points": [
                        {
                            "x": 989,
                            "y": 505
                        },
                        {
                            "x": 1096,
                            "y": 505
                        },
                        {
                            "x": 1096,
                            "y": 591
                        },
                        {
                            "x": 989,
                            "y": 591
                        }
                    ],
                    "rotation": 0
                },
                "className": "Car"
            }
        ]
    }
]