[
    {
        "instances": [
            {
                "id": "bacec3bf-86b8-495d-b773-d2f6469e66a2",
                "type": "BOUNDING_BOX",
                "contour": {
                    "area": 9202,
                    "points": [
                        {
                            "x": 991,
                            "y": 495
                        },
                        {
                            "x": 1098,
                            "y": 495
                        },
                        {
                            "x": 1098,
                            "y": 581
                        },
                        {
                            "x": 991,
                            "y": 581
                        }
                    ],
                    "rotation": 0
                },
                "className": "Car"
            }
        ]
    }
]