[
    {
        "instances": [
            {
                "id": "6896f078-6b92-49d2-b337-b624d5b146c6",
                "type": "BOUNDING_BOX",
                "contour": {
                    "area": 7700,
                    "points": [
                        {
                            "x": 1012,
                            "y": 493
                        },
                        {
                            "x": 1112,
                            "y": 493
                        },
                        {
                            "x": 1112,
                            "y": 570
                        },
                        {
                            "x": 1012,
                            "y": 570
                        }
                    ],
                    "rotation": 0
                },
                "className": "Car"
            }
        ]
    }
]