[
    {
        "instances": [
            {
                "id": "1120aea1-74df-4d6b-a43d-9763615d7aed",
                "type": "BOUNDING_BOX",
                "contour": {
                    "area": 8505,
                    "points": [
                        {
                            "x": 1000,
                            "y": 499
                        },
                        {
                            "x": 1105,
                            "y": 499
                        },
                        {
                            "x": 1105,
                            "y": 580
                        },
                        {
                            "x": 1000,
                            "y": 580
                        }
                    ],
                    "rotation": 0
                },
                "className": "Car"
            }
        ]
    }
]