[
    {
        "instances": [
            {
                "id": "e04ecd5a-7eee-491c-9511-d843979ce555",
                "type": "BOUNDING_BOX",
                "contour": {
                    "area": 9202,
                    "points": [
                        {
                            "x": 988,
                            "y": 501
                        },
                        {
                            "x": 1095,
                            "y": 501
                        },
                        {
                            "x": 1095,
                            "y": 587
                        },
                        {
                            "x": 988,
                            "y": 587
                        }
                    ],
                    "rotation": 0
                },
                "className": "Car"
            }
        ]
    }
]