[
    {
        "instances": [
            {
                "id": "cda52616-3418-4a13-bad9-46812dd02edf",
                "type": "BOUNDING_BOX",
                "contour": {
                    "area": 9202,
                    "points": [
                        {
                            "x": 991,
                            "y": 495
                        },
                        {
                            "x": 1098,
                            "y": 495
                        },
                        {
                            "x": 1098,
                            "y": 581
                        },
                        {
                            "x": 991,
                            "y": 581
                        }
                    ],
                    "rotation": 0
                },
                "className": "Car"
            }
        ]
    }
]