[
    {
        "instances": [
            {
                "id": "97d12d79-97b1-495b-a211-5d341d789b0a",
                "type": "BOUNDING_BOX",
                "contour": {
                    "area": 8240,
                    "points": [
                        {
                            "x": 1000,
                            "y": 503
                        },
                        {
                            "x": 1103,
                            "y": 503
                        },
                        {
                            "x": 1103,
                            "y": 583
                        },
                        {
                            "x": 1000,
                            "y": 583
                        }
                    ],
                    "rotation": 0
                },
                "className": "Car"
            }
        ]
    }
]