[
    {
        "instances": [
            {
                "id": "d6f2bfd1-1738-484d-8967-6f1a65f942b9",
                "type": "BOUNDING_BOX",
                "contour": {
                    "area": 9202,
                    "points": [
                        {
                            "x": 984,
                            "y": 501
                        },
                        {
                            "x": 1091,
                            "y": 501
                        },
                        {
                            "x": 1091,
                            "y": 587
                        },
                        {
                            "x": 984,
                            "y": 587
                        }
                    ],
                    "rotation": 0
                },
                "className": "Car"
            }
        ]
    }
]