[
    {
        "instances": [
            {
                "id": "a9a702a6-b926-4ce9-8368-eb745a40560e",
                "type": "BOUNDING_BOX",
                "contour": {
                    "area": 7700,
                    "points": [
                        {
                            "x": 1043,
                            "y": 501
                        },
                        {
                            "x": 1143,
                            "y": 501
                        },
                        {
                            "x": 1143,
                            "y": 578
                        },
                        {
                            "x": 1043,
                            "y": 578
                        }
                    ],
                    "rotation": 0
                },
                "className": "Car"
            }
        ]
    }
]