[
    {
        "instances": [
            {
                "id": "291c798f-80cd-423d-9947-45e78a818a64",
                "type": "BOUNDING_BOX",
                "contour": {
                    "area": 7700,
                    "points": [
                        {
                            "x": 1019,
                            "y": 497
                        },
                        {
                            "x": 1119,
                            "y": 497
                        },
                        {
                            "x": 1119,
                            "y": 574
                        },
                        {
                            "x": 1019,
                            "y": 574
                        }
                    ],
                    "rotation": 0
                },
                "className": "Car"
            }
        ]
    }
]