[
    {
        "instances": [
            {
                "id": "0b342362-aeac-4fa9-9a77-53b81a403204",
                "type": "BOUNDING_BOX",
                "contour": {
                    "area": 9202,
                    "points": [
                        {
                            "x": 988,
                            "y": 504
                        },
                        {
                            "x": 1095,
                            "y": 504
                        },
                        {
                            "x": 1095,
                            "y": 590
                        },
                        {
                            "x": 988,
                            "y": 590
                        }
                    ],
                    "rotation": 0
                },
                "className": "Car"
            }
        ]
    }
]