[
    {
        "instances": [
            {
                "id": "d08ee491-2524-425b-be13-20a79c55ff5c",
                "type": "BOUNDING_BOX",
                "contour": {
                    "area": 9202,
                    "points": [
                        {
                            "x": 986,
                            "y": 498
                        },
                        {
                            "x": 1093,
                            "y": 498
                        },
                        {
                            "x": 1093,
                            "y": 584
                        },
                        {
                            "x": 986,
                            "y": 584
                        }
                    ],
                    "rotation": 0
                },
                "className": "Car"
            }
        ]
    }
]