[
    {
        "instances": [
            {
                "id": "de54a3b0-e0d7-4e46-9819-6a7851d2bec3",
                "type": "BOUNDING_BOX",
                "contour": {
                    "area": 7878,
                    "points": [
                        {
                            "x": 991,
                            "y": 504
                        },
                        {
                            "x": 1092,
                            "y": 504
                        },
                        {
                            "x": 1092,
                            "y": 582
                        },
                        {
                            "x": 991,
                            "y": 582
                        }
                    ],
                    "rotation": 0
                },
                "className": "Car"
            }
        ]
    }
]