[
    {
        "instances": [
            {
                "id": "6f4354c5-7f11-4f80-8452-5f5d1addd284",
                "type": "BOUNDING_BOX",
                "contour": {
                    "area": 7700,
                    "points": [
                        {
                            "x": 1012,
                            "y": 493
                        },
                        {
                            "x": 1112,
                            "y": 493
                        },
                        {
                            "x": 1112,
                            "y": 570
                        },
                        {
                            "x": 1012,
                            "y": 570
                        }
                    ],
                    "rotation": 0
                },
                "className": "Car"
            }
        ]
    }
]