[
    {
        "instances": [
            {
                "id": "b2056945-3bf4-4abd-9d20-4e27ed2dde7f",
                "type": "BOUNDING_BOX",
                "contour": {
                    "area": 9202,
                    "points": [
                        {
                            "x": 988,
                            "y": 504
                        },
                        {
                            "x": 1095,
                            "y": 504
                        },
                        {
                            "x": 1095,
                            "y": 590
                        },
                        {
                            "x": 988,
                            "y": 590
                        }
                    ],
                    "rotation": 0
                },
                "className": "Car"
            }
        ]
    }
]