[
    {
        "instances": [
            {
                "id": "d4a0e7d3-0b03-4104-8397-d4f552dd2cc8",
                "type": "BOUNDING_BOX",
                "contour": {
                    "area": 7700,
                    "points": [
                        {
                            "x": 1024,
                            "y": 500
                        },
                        {
                            "x": 1124,
                            "y": 500
                        },
                        {
                            "x": 1124,
                            "y": 577
                        },
                        {
                            "x": 1024,
                            "y": 577
                        }
                    ],
                    "rotation": 0
                },
                "className": "Car"
            }
        ]
    }
]