[
    {
        "instances": [
            {
                "id": "fa43763c-c06d-4b48-abe4-44ecb20455fc",
                "type": "BOUNDING_BOX",
                "contour": {
                    "area": 9202,
                    "points": [
                        {
                            "x": 993,
                            "y": 496
                        },
                        {
                            "x": 1100,
                            "y": 496
                        },
                        {
                            "x": 1100,
                            "y": 582
                        },
                        {
                            "x": 993,
                            "y": 582
                        }
                    ],
                    "rotation": 0
                },
                "className": "Car"
            }
        ]
    }
]