[
    {
        "instances": [
            {
                "id": "8368235e-5ad9-4cad-840f-0fffdd906d89",
                "type": "BOUNDING_BOX",
                "contour": {
                    "area": 7878,
                    "points": [
                        {
                            "x": 991,
                            "y": 504
                        },
                        {
                            "x": 1092,
                            "y": 504
                        },
                        {
                            "x": 1092,
                            "y": 582
                        },
                        {
                            "x": 991,
                            "y": 582
                        }
                    ],
                    "rotation": 0
                },
                "className": "Car"
            }
        ]
    }
]