[
    {
        "instances": [
            {
                "id": "9cca0b19-d62a-48ea-8032-f85e57770ae4",
                "type": "BOUNDING_BOX",
                "contour": {
                    "area": 7854,
                    "points": [
                        {
                            "x": 1002,
                            "y": 500
                        },
                        {
                            "x": 1104,
                            "y": 500
                        },
                        {
                            "x": 1104,
                            "y": 577
                        },
                        {
                            "x": 1002,
                            "y": 577
                        }
                    ],
                    "rotation": 0
                },
                "className": "Car"
            }
        ]
    }
]