[
    {
        "instances": [
            {
                "id": "4ca01182-0752-4f24-a485-c25bd3af81e2",
                "type": "BOUNDING_BOX",
                "contour": {
                    "area": 9202,
                    "points": [
                        {
                            "x": 989,
                            "y": 505
                        },
                        {
                            "x": 1096,
                            "y": 505
                        },
                        {
                            "x": 1096,
                            "y": 591
                        },
                        {
                            "x": 989,
                            "y": 591
                        }
                    ],
                    "rotation": 0
                },
                "className": "Car"
            }
        ]
    }
]