[
    {
        "instances": [
            {
                "id": "b9b7764b-892b-4a92-b258-eb9b8dc19d56",
                "type": "BOUNDING_BOX",
                "contour": {
                    "area": 7700,
                    "points": [
                        {
                            "x": 1012,
                            "y": 493
                        },
                        {
                            "x": 1112,
                            "y": 493
                        },
                        {
                            "x": 1112,
                            "y": 570
                        },
                        {
                            "x": 1012,
                            "y": 570
                        }
                    ],
                    "rotation": 0
                },
                "className": "Car"
            }
        ]
    }
]