[
    {
        "instances": [
            {
                "id": "8f5bed68-2fe2-489e-b160-9e38145a4000",
                "type": "BOUNDING_BOX",
                "contour": {
                    "area": 7854,
                    "points": [
                        {
                            "x": 1003,
                            "y": 502
                        },
                        {
                            "x": 1105,
                            "y": 502
                        },
                        {
                            "x": 1105,
                            "y": 579
                        },
                        {
                            "x": 1003,
                            "y": 579
                        }
                    ],
                    "rotation": 0
                },
                "className": "Car"
            }
        ]
    }
]