[
    {
        "instances": [
            {
                "id": "d22f63e9-b5e4-4423-90bc-db8ef40e2da8",
                "type": "BOUNDING_BOX",
                "contour": {
                    "area": 9202,
                    "points": [
                        {
                            "x": 985,
                            "y": 493
                        },
                        {
                            "x": 1092,
                            "y": 493
                        },
                        {
                            "x": 1092,
                            "y": 579
                        },
                        {
                            "x": 985,
                            "y": 579
                        }
                    ],
                    "rotation": 0
                },
                "className": "Car"
            }
        ]
    }
]