[
    {
        "instances": [
            {
                "id": "5f61ff20-3b05-4e79-947e-72fe4f48b85a",
                "type": "BOUNDING_BOX",
                "contour": {
                    "area": 7878,
                    "points": [
                        {
                            "x": 991,
                            "y": 504
                        },
                        {
                            "x": 1092,
                            "y": 504
                        },
                        {
                            "x": 1092,
                            "y": 582
                        },
                        {
                            "x": 991,
                            "y": 582
                        }
                    ],
                    "rotation": 0
                },
                "className": "Car"
            }
        ]
    }
]