[
    {
        "instances": [
            {
                "id": "75d66ff2-f2e2-4ceb-8c84-16f95c9e452f",
                "type": "BOUNDING_BOX",
                "contour": {
                    "area": 7854,
                    "points": [
                        {
                            "x": 1003,
                            "y": 502
                        },
                        {
                            "x": 1105,
                            "y": 502
                        },
                        {
                            "x": 1105,
                            "y": 579
                        },
                        {
                            "x": 1003,
                            "y": 579
                        }
                    ],
                    "rotation": 0
                },
                "className": "Car"
            }
        ]
    }
]