[
    {
        "instances": [
            {
                "id": "996858e4-24eb-4a45-8f45-1576bb4ec34e",
                "type": "BOUNDING_BOX",
                "contour": {
                    "area": 9202,
                    "points": [
                        {
                            "x": 990,
                            "y": 501
                        },
                        {
                            "x": 1097,
                            "y": 501
                        },
                        {
                            "x": 1097,
                            "y": 587
                        },
                        {
                            "x": 990,
                            "y": 587
                        }
                    ],
                    "rotation": 0
                },
                "className": "Car"
            }
        ]
    }
]