[
    {
        "instances": [
            {
                "id": "7178d7f5-c460-43a7-9f20-ed93785b77a5",
                "type": "BOUNDING_BOX",
                "contour": {
                    "area": 8505,
                    "points": [
                        {
                            "x": 1000,
                            "y": 494
                        },
                        {
                            "x": 1105,
                            "y": 494
                        },
                        {
                            "x": 1105,
                            "y": 575
                        },
                        {
                            "x": 1000,
                            "y": 575
                        }
                    ],
                    "rotation": 0
                },
                "className": "Car"
            }
        ]
    }
]