[
    {
        "instances": [
            {
                "id": "62067ae9-d74a-4327-831e-4adaa09560eb",
                "type": "BOUNDING_BOX",
                "contour": {
                    "area": 7700,
                    "points": [
                        {
                            "x": 1033,
                            "y": 501
                        },
                        {
                            "x": 1133,
                            "y": 501
                        },
                        {
                            "x": 1133,
                            "y": 578
                        },
                        {
                            "x": 1033,
                            "y": 578
                        }
                    ],
                    "rotation": 0
                },
                "className": "Car"
            }
        ]
    }
]