[
    {
        "instances": [
            {
                "id": "a93e381d-1662-4a14-b8a6-c7057ee22f66",
                "type": "BOUNDING_BOX",
                "contour": {
                    "area": 9202,
                    "points": [
                        {
                            "x": 985,
                            "y": 491
                        },
                        {
                            "x": 1092,
                            "y": 491
                        },
                        {
                            "x": 1092,
                            "y": 577
                        },
                        {
                            "x": 985,
                            "y": 577
                        }
                    ],
                    "rotation": 0
                },
                "className": "Car"
            }
        ]
    }
]