[
    {
        "instances": [
            {
                "id": "59597aa5-cfe8-4028-8279-38e598a475bc",
                "type": "BOUNDING_BOX",
                "contour": {
                    "area": 8505,
                    "points": [
                        {
                            "x": 1000,
                            "y": 491
                        },
                        {
                            "x": 1105,
                            "y": 491
                        },
                        {
                            "x": 1105,
                            "y": 572
                        },
                        {
                            "x": 1000,
                            "y": 572
                        }
                    ],
                    "rotation": 0
                },
                "className": "Car"
            }
        ]
    }
]