[
    {
        "instances": [
            {
                "id": "28a41b00-8bea-4e88-a305-05360581efde",
                "type": "BOUNDING_BOX",
                "contour": {
                    "area": 8505,
                    "points": [
                        {
                            "x": 1000,
                            "y": 494
                        },
                        {
                            "x": 1105,
                            "y": 494
                        },
                        {
                            "x": 1105,
                            "y": 575
                        },
                        {
                            "x": 1000,
                            "y": 575
                        }
                    ],
                    "rotation": 0
                },
                "className": "Car"
            }
        ]
    }
]