[
    {
        "instances": [
            {
                "id": "9f1ea254-5bcf-4e53-9e68-eac2b7131100",
                "type": "BOUNDING_BOX",
                "contour": {
                    "area": 9202,
                    "points": [
                        {
                            "x": 991,
                            "y": 498
                        },
                        {
                            "x": 1098,
                            "y": 498
                        },
                        {
                            "x": 1098,
                            "y": 584
                        },
                        {
                            "x": 991,
                            "y": 584
                        }
                    ],
                    "rotation": 0
                },
                "className": "Car"
            }
        ]
    }
]