[
    {
        "instances": [
            {
                "id": "c34689dd-22ee-40e1-b674-63108e517649",
                "type": "BOUNDING_BOX",
                "contour": {
                    "area": 7700,
                    "points": [
                        {
                            "x": 1030,
                            "y": 505
                        },
                        {
                            "x": 1130,
                            "y": 505
                        },
                        {
                            "x": 1130,
                            "y": 582
                        },
                        {
                            "x": 1030,
                            "y": 582
                        }
                    ],
                    "rotation": 0
                },
                "className": "Car"
            }
        ]
    }
]