[
    {
        "instances": [
            {
                "id": "813cdf1b-32e6-4e0c-bdb1-a76f8bfb1f1e",
                "type": "BOUNDING_BOX",
                "contour": {
                    "area": 7878,
                    "points": [
                        {
                            "x": 991,
                            "y": 504
                        },
                        {
                            "x": 1092,
                            "y": 504
                        },
                        {
                            "x": 1092,
                            "y": 582
                        },
                        {
                            "x": 991,
                            "y": 582
                        }
                    ],
                    "rotation": 0
                },
                "className": "Car"
            }
        ]
    }
]