[
    {
        "instances": [
            {
                "id": "436667b8-ff88-47d8-a312-88ec02406d34",
                "type": "BOUNDING_BOX",
                "contour": {
                    "area": 9202,
                    "points": [
                        {
                            "x": 984,
                            "y": 499
                        },
                        {
                            "x": 1091,
                            "y": 499
                        },
                        {
                            "x": 1091,
                            "y": 585
                        },
                        {
                            "x": 984,
                            "y": 585
                        }
                    ],
                    "rotation": 0
                },
                "className": "Car"
            }
        ]
    }
]