[
    {
        "instances": [
            {
                "id": "da493654-22d5-41e3-b77e-09d10b126239",
                "type": "BOUNDING_BOX",
                "contour": {
                    "area": 9202,
                    "points": [
                        {
                            "x": 992,
                            "y": 492
                        },
                        {
                            "x": 1099,
                            "y": 492
                        },
                        {
                            "x": 1099,
                            "y": 578
                        },
                        {
                            "x": 992,
                            "y": 578
                        }
                    ],
                    "rotation": 0
                },
                "className": "Car"
            }
        ]
    }
]