[
    {
        "instances": [
            {
                "id": "503ca4d4-d790-4cf7-b69b-d55251deabdf",
                "type": "BOUNDING_BOX",
                "contour": {
                    "area": 7200,
                    "points": [
                        {
                            "x": 1057,
                            "y": 500
                        },
                        {
                            "x": 1153,
                            "y": 500
                        },
                        {
                            "x": 1153,
                            "y": 575
                        },
                        {
                            "x": 1057,
                            "y": 575
                        }
                    ],
                    "rotation": 0
                },
                "className": "Car"
            }
        ]
    }
]