[
    {
        "instances": [
            {
                "id": "564442f7-1f29-4ef7-899c-7a19ebf2331c",
                "type": "BOUNDING_BOX",
                "contour": {
                    "area": 8505,
                    "points": [
                        {
                            "x": 1000,
                            "y": 494
                        },
                        {
                            "x": 1105,
                            "y": 494
                        },
                        {
                            "x": 1105,
                            "y": 575
                        },
                        {
                            "x": 1000,
                            "y": 575
                        }
                    ],
                    "rotation": 0
                },
                "className": "Car"
            }
        ]
    }
]